item_id,mean_total
30,324.5625305533478
31,573.7930878995428
32,250.08370564442026
33,249.27301587301588
38,2351.537037037037
42,277.3333333333333
45,299.0
51,274.3875
53,298.9980891719745
57,297.90076335877865
59,247.81094527363183
62,311.2559722222222
64,131.22222222222223
67,145.06
69,249.19871794871796
70,349.0
72,117.61304347826086
76,491.3410041841004
80,228.7075
88,149.0
91,463.566
93,248.52706766917296
109,232.33333333333334
138,249.0
149,247.81690647482017
153,402.6114285714285
154,301.6178010471204
166,248.68874999999997
180,80.0
202,246.05806451612904
205,249.0
213,249.20601265822788
226,249.0
234,249.0
248,249.0
253,248.6442857142857
259,245.39153846153846
269,346.5
308,247.53187499999999
313,247.89333333333335
315,249.0
325,248.53171641791045
342,144.0
353,249.0
356,249.0
388,248.34368421052633
407,249.0
408,247.2977011494253
413,249.0
421,297.97328767123287
445,249.0
448,247.578125
464,298.0152532391048
473,435.35714285714283
474,500.0
477,14978.947368421053
478,13176.22950819672
482,3253.436975635593
486,296.4160016835017
491,591.7964583333334
492,580.3780770069163
494,379.5327868852459
496,4574.2375999999995
502,80.57142857142857
503,143.27659574468086
504,132.2608695652174
505,137.0
508,95.85714285714286
515,145.1875
521,165.9
524,188.0
528,980.0
536,1700.0
539,172.0
544,199.98048780487807
547,249.0
560,198.665
562,149.0
563,172.0
568,172.0
571,165.66666666666666
578,172.0
583,172.0
585,172.0
592,136.0
616,172.0
638,348.8360655737705
649,172.0
650,172.0
652,172.0
653,188.0
655,172.0
656,172.0
663,172.0
676,172.0
680,172.0
684,172.0
686,1495.7142857142858
687,594.8124726134585
688,272.0
701,247.65116279069767
719,219.0
758,196.17142857142858
772,172.0
773,172.0
784,245.63362068965517
787,418.8809523809524
790,264.77272727272725
792,970.8631090487239
794,3300.0
797,250.0
798,150.0
799,25.0
800,150.0
801,150.0
803,78.68020304568527
805,99.984375
806,248.2119449901768
829,3213.357714285714
831,4592.0
832,297.9889298892989
833,150.0
835,4567.036559139785
837,4571.25
838,25.0
839,3268.2296777658435
841,690.0
842,5000.0
843,182.9090909090909
846,176.8
849,182.4
856,216.0
858,188.14285714285714
859,182.9090909090909
868,224.6
888,179.0
902,202.33333333333334
924,188.0
927,3300.0
938,399.0
939,399.0
940,399.0
961,501.3015625
968,350.1256070640177
969,502.50142857142856
970,302.78914807302226
971,311.37981481481484
972,302.97701633486474
975,312.25821371610846
978,459.1789156626506
979,958.5979797979797
982,598.976
986,249.0
988,233.42424242424244
1007,589.1102479338842
1010,357.1284503631961
1012,276.005
1016,296.58849557522126
1018,293.83921568627454
1023,295.09274999999997
1037,3488.1862745098038
1041,899.0
1074,999.0
1075,340.8669358786109
1077,589.0165666666658
1087,309.4765625
1090,494.037037037037
1100,111.4423076923077
1101,278.284126984127
1102,276.3255813953488
1104,200.84615384615384
1121,347.11678832116786
1131,410.26706855791963
1132,308.8484848484849
1133,1886.7551020408164
1142,1857.9371794871795
1156,2323.3333333333335
1175,876.8571428571429
1176,1086.25
1177,1362.857142857143
1182,3490.0
1189,3267.1428571428573
1192,1500.0
1199,249.0
1201,298.1024639423077
1202,1327.1190476190477
1204,297.5265418502202
1215,1886.5
1224,400.23224043715845
1231,1782.3333333333333
1232,2799.027027027027
1233,1300.0189783743401
1238,1323.625
1239,307.765671641791
1241,298.3121428571429
1247,297.83497191011236
1249,297.7088166144201
1256,148.9534375
1257,297.7219101123595
1288,356.76785714285717
1290,345.82758620689657
1292,1112.953488372093
1293,349.0
1294,1263.25
1295,1549.0
1296,1487.7777777777778
1297,1277.2608695652175
1298,1387.095238095238
1299,1394.4545454545455
1306,298.2184634448575
1307,347.8785597826087
1315,447.51207627118646
1322,298.26794117647063
1324,586.8949820788531
1325,412.41735537190084
1329,423.44072948328267
1332,425.7576453488371
1333,1825.753846153846
1334,2699.0
1341,349.0
1359,945.5908333333333
1364,568.4755671729414
1377,709.857260579065
1384,402.62786728395
1385,811.75
1387,906.6772594501728
1388,2006.4051840490797
1389,2404.110662578375
1390,1739.8825136612022
1391,1496.21875
1405,206.4
1406,903.3434936360868
1409,1049.3301333333332
1413,1284.902482269503
1424,539.0
1432,849.9803921568628
1433,2499.0
1435,1999.0
1453,815.6428571428571
1454,833.6619718309859
1464,831.380466666667
1465,648.7252453987792
1466,812.4452227722775
1467,958.4685555555567
1469,952.4318131868126
1483,1225.233362470861
1484,817.227326224326
1485,1482.7630177187175
1486,1153.0940106544886
1492,71.8
1493,71.95238095238095
1495,586.4565631364554
1496,1887.892402142588
1506,423.7368421052632
1515,1563.519418604651
1519,472.6111111111111
1523,797.1800339904821
1534,1090.154823717948
1535,1804.287047619049
1537,746.4768148148149
1538,617.4777647975094
1539,877.3934435261735
1540,1185.6062471008015
1541,1931.6687025316457
1544,6688.720662626297
1545,7073.822916666667
1547,5476.1203883495145
1548,3933.6715407854986
1555,1303.901963204338
1556,2606.694930621436
1557,2192.2753323699426
1559,1174.7619047619048
1560,1192.6972049689437
1562,1117.1818181818182
1563,1211.4863706563708
1564,2076.0466527922335
1565,2392.3758392226136
1567,1520.21875
1569,2544.932267115609
1570,2456.4524886877834
1571,756.090610687023
1572,586.4355524344551
1573,3299.0
1576,1999.0
1578,8894.75
1579,8907.363636363636
1581,4463.685185185185
1582,4499.0
1583,3932.5480920367017
1584,3932.7121212120455
1586,5978.6164285714285
1587,5999.0
1588,529.2325581395348
1599,399.0
1610,526.6304347826087
1611,405.22331288343554
1618,1549.0
1622,1799.0
1663,1949.0
1669,1549.0
1670,434.5017843866171
1673,409.60518731988475
1682,445.8
1686,300.95818661971833
1687,1605.13698630137
1716,347.14925373134326
1717,297.18307692307695
1721,2186.25
1725,297.42028985507244
1729,298.9402
1730,292.9019230769231
1740,306.167032967033
1741,306.960910652921
1743,307.3142857142857
1753,296.38567708333335
1754,199.0
1761,298.0922222222222
1775,427.531746031746
1783,387.49056603773585
1788,934.7142857142857
1789,269.8095238095238
1792,367.0869565217391
1793,1019.0
1794,335.1333333333333
1809,491.63077463052804
1811,1830.7791563275425
1813,968.4511834616113
1814,3573.3475736062614
1815,3572.8333333333335
1816,5950.704954545454
1817,5965.931034482759
1819,1499.0
1820,699.0
1829,1176.3512519841274
1837,1543.8731729264568
1846,828.4396961063647
1847,853.8134394721723
1856,1598.644696761798
1857,2286.0102143230565
1859,1249.5285096153843
1865,2135.4002297165275
1866,1875.8284166666667
1876,1891.5789675516373
1877,2702.341651658944
1878,1852.0839420935413
1879,2232.5890070921987
1880,2769.0
1881,3102.1002321315805
1905,247.66257444226625
1914,246.91474190726112
1916,247.32714436407437
1963,589.76
1965,3499.0
1969,3985.569169696964
1970,8671.864
1971,4128.951643160883
1988,1296.0051816443593
1993,397.2142857142857
2001,31.105263157894736
2004,30.62162162162162
2031,1637.1905405405405
2035,3217.5111851851852
2036,3275.1111111111113
2039,918.4258459323262
2040,1423.4208021390375
2047,208.2185590778098
2049,1086.7303797468353
2050,2067.578125
2059,1599.0
2062,653.3981818181817
2078,419.63018433179724
2081,1624.0
2088,1454.1052631578948
2090,480.3296703296703
2100,305.989588377724
2104,407.1198837209302
2119,1199.0
2129,268.51612903225805
2131,349.0
2140,304.32059643255354
2141,1861.1515151515152
2152,445.2011363636364
2153,2499.0
2164,1263.808
2182,296.14587458745876
2183,2849.0
2187,447.0897435897436
2191,1137.842105263158
2196,298.94659090909096
2206,423.49925
2210,429.16645161290313
2213,1549.0
2215,299.0
2226,1549.0
2232,1549.0
2235,398.387786259542
2244,298.88626707132016
2252,506.55282142857266
2254,1483.7014778325124
2264,999.0
2267,2282.6706689536873
2269,710.5340715014333
2270,2317.355002025115
2271,1668.5423076923075
2272,218.78947368421052
2275,205.5
2276,349.0
2277,210.42105263157896
2283,933.5192170465807
2284,2890.2303752345215
2285,3258.1410499490366
2286,2871.3358552631576
2287,2791.545871559633
2288,1714.00250763127
2293,958.964443284203
2297,2881.359908256881
2306,505.6666666666667
2308,411.75222232495014
2311,345.15384615384613
2317,346.22222222222223
2320,980.8181818181819
2334,495.09375
2335,249.0
2336,249.0
2337,249.0
2338,249.0
2354,849.5813860860372
2360,249.0
2369,1021.7019393939393
2376,546.4571428571429
2378,499.0
2379,349.0
2380,699.0
2401,184.41379310344828
2405,215.0
2416,502.42999910730197
2422,1061.5517362817377
2423,1142.7040338474703
2424,2023.2173809523931
2425,499.0
2429,1280.1288423864642
2430,2748.0307224418116
2431,1486.7675128999067
2442,981.6522388769935
2443,863.8485596236987
2445,630.3146360928645
2458,298.0110104712042
2461,426.10407239819006
2470,298.0046272493573
2484,415.93430656934305
2490,1609.0
2492,1549.0
2498,489.1294498381845
2508,312.0
2523,1090.9525423728815
2529,2047.0
2531,2374.0
2536,396.90575916230364
2540,2040.1764705882354
2544,1649.0
2550,298.34730538922156
2574,405.2131914893617
2576,345.95289351852085
2577,2623.5
2578,308.43003033367035
2581,1759.4166666666667
2585,1326.2857142857142
2591,2904.896721311475
2592,497.85036789297664
2594,2119.8333333333335
2597,1575.923076923077
2600,1571.2222222222222
2607,296.2875641025641
2614,298.92203333333333
2615,1777.8461538461538
2623,268.4311643835616
2625,281.60049019607845
2626,296.00414937759336
2634,1549.0
2635,308.10980392156864
2637,1566.0020000000002
2639,411.6796511627907
2652,349.0
2663,291.96774193548384
2664,2086.5
2671,399.0
2678,804.9903635585964
2688,2176.2397003744945
2690,2496.660196905739
2693,499.0
2695,1199.0
2696,950.2532044198896
2697,1823.142857142857
2698,2989.0096153846152
2699,1879.6129032258063
2700,2141.290384615385
2703,399.5594511020359
2707,352.38511627906973
2708,1087.6587301587301
2743,1722.803294573643
2744,729.9518119266056
2753,551.1262580272726
2754,1253.2850264900674
2755,1274.8163135593236
2757,144.55416666666667
2760,528.1280973451327
2777,1290.7312
2778,247.84108597285066
2779,2506.260069444453
2780,2746.829792626733
2781,2515.7083333333335
2782,1997.066626262606
2785,4209.717948717948
2787,3603.4285714285716
2788,4468.083571428571
2789,3699.0
2791,5481.589160839102
2799,498.03580786026197
2808,1006.3524704358323
2810,1916.5145571718665
2813,1110.7615186170212
2816,2366.2997953216845
2817,3154.448582210494
2818,2297.5772585669783
2819,2296.545844155844
2834,343.0
2837,620.4615384615385
2838,2899.0
2839,2899.0
2840,99.0
2851,903.5087096774195
2852,969.9243181818184
2853,990.5725663716817
2856,399.0
2859,289.5367136659437
2860,1735.9799050632905
2861,1735.5511520737336
2862,914.7234374999997
2863,890.3317427385887
2864,870.3241666666669
2865,895.5530303030305
2866,890.3028333333328
2867,896.433510638298
2868,945.4526548672567
2869,917.2928571428575
2870,892.2753456221192
2871,886.6441489361704
2872,924.3185393258431
2873,900.2278625954201
2874,979.6548387096774
2875,907.2196629213479
2876,3435.0968098159487
2877,3387.3574786324752
2878,3435.036479591835
2879,3391.8326530612253
2880,924.677027027027
2882,944.0201250000002
2883,948.4927083333336
2884,964.2970588235294
2885,968.6560714285715
2886,939.7479381443302
2918,958.5412826086963
2919,1076.3321726190475
2921,512.3253524004083
2922,99.0
2936,1231.93578313253
2937,1066.1884931506847
2939,551.6274002493765
2940,1031.107777777778
2943,99.0
2944,99.0
2946,495.3351873310162
2951,1035.9559259259258
2954,1034.3451522842645
2955,1011.4215876777254
2956,504.73162713274957
2958,977.6520895522389
2959,897.6756293706298
2964,716.2801046841636
2969,151.44395366826174
2971,741.5949339207049
2972,499.3314134056929
2975,2113.9922929936306
2976,1920.4130434782608
2987,201.85714285714286
3000,1204.486147186147
3002,1417.142857142857
3007,1863.2635900994726
3014,1245.3873315363883
3026,2270.1782981927713
3027,2681.8406658008457
3028,2232.6372359550564
3034,3899.0
3042,3161.3529411764707
3054,2765.7485915492957
3071,793.8394651534084
3072,3491.2640182648406
3076,819.1540586939321
3077,819.2602667533885
3079,294.43859649122805
3080,1562.235294117647
3082,397.41269841269843
3096,2068.0476190476193
3101,412.5217391304348
3106,1152.7272727272727
3107,304.818202247191
3108,302.9464042392127
3115,312.8269372693727
3134,1087.9178082191781
3136,1859.0
3139,1746.5714285714287
3140,1066.7010288065844
3141,1138.2790857142857
3144,2026.2142857142858
3146,2520.3318604651163
3148,1818.237431111111
3150,730.0
3153,2231.909090909091
3156,720.5769230769231
3158,1269.6993299832495
3159,772.152466367713
3160,1587.6915151515152
3168,297.8716981132076
3170,296.17621951219513
3182,2977.135272727273
3216,525.3816091954022
3217,1431.6666666666667
3218,1529.076923076923
3219,528.9333333333333
3221,475.0179999999999
3227,156.5
3229,1199.0
3230,391.0
3231,449.0
3232,607.3107142857143
3234,711.0852802397214
3235,744.4
3236,2568.853316326556
3237,3046.213198322064
3238,2474.8406578947365
3239,1981.7394871794613
3240,429.0
3243,1227.5876777777776
3244,3078.062146892655
3245,2981.483333333333
3263,3484.9801333333335
3268,311.3801346801347
3274,346.0913913043478
3277,317.2178217821782
3278,1749.0
3280,301.9704460966543
3286,298.6970338983051
3290,400.9396887159533
3316,458.6072020894544
3328,1388.782437249553
3329,1931.4415551333486
3331,1014.350588777666
3333,2469.5764763939756
3334,809.7842133815557
3335,1931.4952504220707
3340,1525.4026935213362
3341,1990.313336120653
3342,2689.187441488609
3343,1996.7014736538551
3344,2169.024272435897
3350,2924.656231413835
3351,3916.845534106531
3352,2931.3235021184682
3353,3884.8333333333962
3364,862.8336093911255
3365,771.3406273828208
3372,573.1152
3377,1036.5
3385,297.956
3392,701.1150393700773
3393,1515.317954545455
3394,1061.665262557077
3396,236.55
3403,419.2025316455696
3406,1999.0
3409,1499.0
3411,194.66666666666666
3412,99.0
3413,39.0
3414,99.0
3415,99.0
3416,99.0
3418,409.6857142857143
3421,639.6348529411765
3423,1165.2398130841123
3424,1058.1131046698868
3440,467.1818181818182
3442,1212.1952046783974
3443,1202.0705216989854
3444,1829.6281822612066
3445,1664.2770257077768
3446,2054.113694383662
3447,3508.2244715447155
3452,1326.2727272727273
3453,899.0
3457,2454.527777777778
3458,2470.445758928571
3459,2599.0
3460,1341.1392836477962
3462,3010.409595192679
3464,2157.9912620192317
3466,1339.3508771929824
3472,547.8632075471698
3473,499.0
3477,1302.5841666666668
3479,1495.1407246376814
3480,1493.9013725490197
3484,6764.469696969697
3485,1105.0530303030303
3500,1534.1469696969696
3525,192.75
3528,1689.9986072423399
3535,889.3211895910781
3537,883.10174291939
3541,607.0271386430679
3543,444.9965632458234
3546,570.3199462365591
3547,1825.4044444444444
3548,2364.5142857142855
3552,2106.9653512942314
3553,2169.4049703588
3554,1536.0687038651638
3556,789.2049773843212
3557,1734.05044117647
3558,3523.654205607477
3572,1052.54375
3580,316.6991150442478
3597,2414.277777777778
3598,2118.6236559140325
3599,1142.5533333332999
3605,303.099593495935
3609,348.1677852348993
3617,297.84891774891776
3620,298.0993377483444
3622,297.7763713080169
3624,297.9638480392157
3633,1783.6655172413793
3634,1961.9655844155845
3635,683.5380909090909
3640,297.8822429906542
3641,298.3122271714922
3651,203.06389776357827
3652,200.91818181818184
3656,307.09811475409833
3657,1845.3846153846155
3659,1998.9375
3673,1516.7679759259304
3675,698.8148155737705
3676,805.2050667642233
3677,622.1446774193548
3678,2576.4711949685534
3683,246.7941176470588
3686,891.9763057583132
3688,2286.0557230142567
3689,905.0051535947715
3692,1295.2094248608535
3695,1548.1407162427759
3707,2347.004887566144
3708,1647.639810551561
3713,1192.2897321428572
3714,1182.0634615384615
3715,352.1897435897436
3719,613.8888782514447
3726,1907.3333333334376
3731,2057.822498150867
3732,2731.7165095287833
3733,3920.9555978825492
3734,2753.4508199691795
3735,3430.4178691967973
3744,194.8235294117647
3746,114.0
3753,550.932196969697
3755,6999.0
3756,7577.591549295775
3757,6999.0
3758,7599.0
3759,3999.0
3769,299.0
3774,298.8676991150443
3777,305.4914393939394
3778,952.1333333333333
3787,349.0
3797,2130.818181818182
3802,682.3333333333334
3818,563.9448818897638
3821,1549.0
3822,423.4117647058824
3823,373.73160377358494
3831,299.0
3832,695.7644589552234
3833,699.1472011299455
3835,1312.0800975024026
3837,3493.1171527777783
3838,12909.484375
3839,6999.0
3840,683.48618035883
3842,2173.6812554235153
3849,2499.0
3851,911.8201697204605
3860,100.0
3862,138.09969325153375
3863,25.0
3866,1185.6666666666667
3868,1005.630996309963
3871,1431.1462544802866
3891,320.86206896551727
3896,309.1932926829268
3897,396.60199004975124
3898,289.09090909090907
3902,397.2406015037594
3913,1556.142857142857
3916,298.87
3917,449.0
3919,2812.322222222222
3920,1653.5074603174603
3923,1587.4615384615386
3928,2502.5308256399094
3932,1663.7351744186046
3934,2727.4520854788875
3935,2052.010733532934
3943,996.6043831168832
3945,1161.2549019607843
3951,3699.0
3953,275.2
3960,296.61158878504676
3967,298.5223557692308
3970,297.5412698412698
3971,298.7176829268293
3974,1864.2173913043478
3985,249.49107142857142
3987,294.04545454545456
3988,297.42028985507244
3989,549.0
3990,297.256
3992,299.0
4001,297.8888888888889
4002,349.0
4003,407.125974025974
4008,305.62083333333334
4009,1957.3333333333333
4014,1409.2857142857142
4016,1410.7
4024,297.13086419753085
4039,247.50834782608698
4041,247.07516853932586
4044,1199.0
4045,295.22125
4049,1721.0819730392175
4050,1835.3010236220475
4051,1755.893975409836
4052,2120.7388277919954
4053,2499.0
4054,2499.0
4055,2999.0
4056,2999.0
4059,1999.0
4063,249.0
4067,299.0
4070,345.09090909090907
4072,298.6065359477124
4084,492.31055131467684
4085,490.94341900311446
4088,1549.0
4090,1549.0
4091,1245.45
4092,299.7796052631579
4100,399.6372881355932
4102,346.71397058823527
4103,2228.5454545454545
4104,849.0
4107,302.7837171052632
4110,299.285447761194
4116,1090.6666666666667
4117,1590.4285714285713
4135,1186.139175257732
4138,872.4375796178344
4141,1190.0
4142,1200.0
4143,893.5514285714287
4144,990.0
4145,990.0
4173,2900.0
4178,1543.8350430468395
4179,1600.0
4181,1086.39237176274
4183,1208.955223880597
4184,1206.7924528301887
4186,1964.4045356371491
4187,1990.0
4188,1990.0
4190,1487.1538461538462
4191,1490.0
4192,1490.0
4198,2900.0
4203,305.8235294117647
4217,1990.0
4225,204.64791262135927
4228,907.4790255068671
4231,2421.9973348924304
4233,1322.5631593014966
4240,1139.685142148109
4241,823.2534688826024
4242,743.699619937695
4244,835.7832314192541
4247,1702.957055837563
4248,1368.755332231833
4249,1105.921409394264
4251,254.6483480392163
4260,450.9230769230769
4261,442.92675985841583
4271,2357.2686168521464
4280,333.2173913043478
4285,301.784298245614
4312,1959.5263157894738
4316,1952.125
4334,728.099900497512
4335,1837.9372448979593
4336,2870.933910614525
4337,3350.368963414634
4343,800.0
4348,1250.7147777777777
4349,1330.0698852901498
4351,397.5621836687481
4352,1585.4638693467336
4354,2275.188706365503
4356,1787.119718309859
4357,397.8631851400732
4358,262.0
4359,1683.9025210084033
4360,2195.516745283018
4363,1417.7565573770491
4364,1567.9475609756096
4365,1328.3323895582328
4367,1232.5040322580649
4369,356.125
4382,166.05708641975306
4385,597.141149068323
4387,2593.222549019608
4388,2996.27604519774
4389,2598.9951923076924
4390,2994.2875
4391,574.1081151832461
4392,306.7142857142857
4393,1710.5417475728154
4395,2804.0127218934913
4397,1662.24
4406,1549.0
4408,298.10919540229884
4413,298.1040384615385
4414,2027.04
4415,1544.1034782608695
4416,3477.4615384615386
4418,298.5691699604743
4420,298.3018867924528
4424,298.0763698630137
4427,298.3041474654378
4431,298.11439628482975
4433,939.3145161290323
4442,276.30392156862746
4445,297.29661016949154
4455,355.760162601626
4466,1316.4876923076924
4467,1263.346459854015
4470,1918.8256410256558
4478,1752.8680894945614
4479,2376.2149751688557
4480,1096.2576086956522
4491,99.0
4493,639.6804638183221
4495,2598.6153846153848
4502,599.0
4516,346.4530612244898
4531,295.7135775862069
4535,1390.0
4539,1690.0
4540,1690.0
4541,2690.0
4548,2818.6419291338584
4551,298.3045822102426
4553,247.02631578947367
4554,298.0358974358974
4555,398.40592592592594
4557,406.7107438016529
4561,561.1813765182186
4564,419.85533333333336
4573,307.75387673956266
4579,318.6007326007326
4583,302.9614919354839
4595,1549.0
4602,309.20163424124513
4604,405.15567375886525
4607,310.41238095238094
4608,1131.4470588235295
4610,309.63372727272724
4615,406.94348115299334
4628,302.3976138828633
4633,2104.5986623282647
4634,1311.6310793650796
4636,844.0032069970845
4637,847.2856586826348
4638,1247.9025742574258
4639,1301.6789915966385
4653,299.0
4660,1549.0
4669,298.63505747126436
4676,1549.0
4678,317.880198019802
4679,346.8260355029586
4694,276.56756756756755
4706,298.2464864864865
4707,2626.3684210526317
4708,1694.7237499999999
4710,411.5606557377049
4717,298.34274074074074
4719,990.5819473840842
4720,1049.0
4721,3565.4315210240966
4722,3579.3046875
4736,136.6548888888889
4739,450.0
4754,170.0
4755,189.91176470588235
4764,95.0
4765,224.06666666666666
4767,196.90454545454543
4769,327.91791139240524
4788,384.12431693988526
4790,352.3272767982098
4806,144.47923952174463
4811,925.2241105769205
4837,726.8390934844191
4838,1375.0584833271987
4839,3936.641875
4840,4646.788336001509
4841,3959.100588235294
4842,4612.56
4843,9942.985804597673
4848,488.8979591836735
4864,119.0
4865,1999.0
4866,2299.0
4869,1257.9275954023035
4870,914.4242352662887
4871,982.9569860627179
4872,1017.9513276836155
4873,1129.3157995495496
4874,1639.731153846154
4877,137.99139534883722
4878,100.0
4884,298.7645669291338
4885,1051.0820024271843
4892,991.0624526290518
4893,1049.0
4894,3987.859165133098
4895,3996.542744755245
4896,7468.3936148648645
4897,7514.657142857143
4898,499.0
4900,1499.0
4901,1616.8051768707483
4903,152.58333333333334
4904,397.2940759240759
4905,270.5833333333333
4906,1594.3888657751363
4907,1631.8522710622708
4920,1366.469512195122
4935,980.1212121212121
4944,1476.602277777778
4946,1648.857142857143
4954,1118.25
4956,675.2068965517242
4959,660.4285714285714
4962,532.1281406080343
4963,2281.6789743589743
4964,2513.3366216216214
4965,1777.9973684210527
4966,1078.6716417910447
4969,821.2663043478261
4975,1488.92
4977,1689.3846153846155
4979,298.0264150943396
4980,447.0367647058824
4989,728.2
4992,2521.467149758454
4993,2875.3614130434785
4996,2225.1382467532467
4998,2928.3233082706765
4999,2589.5333333333333
5001,1799.0
5002,2999.0
5003,3984.057471264368
5004,2981.6923076923076
5005,3999.0
5007,140.0
5010,1822.840341880341
5012,381.9023076923077
5014,592.9967592592593
5026,299.0
5035,1469.9912592592625
5036,1439.775314211839
5037,1891.0683590534936
5038,2641.9388179174807
5039,1871.2487264150943
5041,3837.0864342988143
5042,3821.5806451612902
5043,2795.153846153846
5044,2855.730769230769
5046,325.24833333333333
5051,306.1518624641834
5055,286.719696969697
5057,1756.4074074074074
5060,307.5080957810718
5063,1275.164383561644
5065,201.88952569169962
5089,399.31935483870967
5091,406.0
5092,444.5237623762377
5093,447.5516129032258
5095,494.00416666666666
5096,924.5592245989305
5101,401.5
5115,1026.925
5125,1120.2948275862072
5128,445.9442307692308
5139,2099.0
5145,451.59626086956524
5153,638.5634285714286
5155,398.9944915254237
5156,491.59882812499995
5160,1409.0
5162,443.14347826086953
5168,397.29787234042556
5184,1008.8326315789474
5187,781.2444444444444
5189,874.980891089109
5190,417.078313253012
5191,1426.2509803921569
5196,534.8823529411765
5202,699.6876623376622
5204,2018.0817589576548
5210,438.2925523168902
5232,789.9037984496124
5233,802.390632183908
5240,658.3761845549742
5241,1267.7095262101802
5242,2343.745970377939
5246,2059.7518314606764
5270,792.2062384000002
5272,324.93001844499287
5282,3300.0
5294,2193.214285714286
5296,1313.7464387464101
5309,1149.0
5319,298.3724584103512
5323,298.6389152298851
5324,298.65398457583547
5331,297.72435897435895
5336,297.9236276849642
5338,991.1052631578947
5339,991.1052631578947
5341,1194.5317073170731
5342,1549.0
5352,390.98
5353,202.47093023255815
5355,799.0
5361,101.97186413313486
5362,905.4807083333336
5363,1029.8227692307696
5365,2311.9529411764706
5367,1758.8253968253969
5376,11490.0
5380,3263.645593286493
5382,3990.0
5383,4516.315789473684
5386,3990.0
5397,884.3
5401,1626.1735849056604
5444,305.6659192825112
5459,330.4646146146146
5460,1025.3157894736842
5467,1389.5604477611942
5469,2450.7522935779816
5470,1011.7484042553192
5472,9147.166666666666
5485,346.3354037267081
5486,2027.2075471698113
5488,2753.3193473193705
5489,2234.8379098360656
5490,1333.1649220489978
5497,3356.7846153846153
5500,1617.4144399999998
5515,1646.0588235294117
5516,298.0031100478469
5517,2813.285714285714
5539,299.0
5540,1966.0
5542,565.3736220472441
5543,625.464739884393
5551,397.7479128440367
5552,298.1065027322404
5572,1558.717147887324
5581,502.7726422764228
5583,683.4755905511813
5601,547.1286585365854
5605,676.0234151329245
5621,547.24375
5634,2781.1831491712705
5637,2580.1148271276593
5638,3179.8271341463415
5643,2539.082418446028
5653,794.1869918699186
5654,1669.3103448275863
5655,1072.0182593856655
5656,5865.634146341464
5657,5120.988171701112
5658,907.7027027027027
5659,877.4285714285714
5660,1559.3075079872206
5661,414.77333333333337
5663,3024.4269333657585
5664,2074.7031782945733
5665,1191.5177033492823
5666,3595.623470661673
5668,4290.0
5669,3303.0550914987284
5670,4400.2764705882355
5671,3308.2431931366414
5672,3074.0995613231516
5674,495.9651785714285
5675,247.56975381585377
5676,2778.205882352941
5678,691.2234042553191
5684,211.8673469387755
5704,1750.0
5731,590.0
5739,2983.6153846153848
5747,1139.536974789916
5757,1049.0
5759,799.0
5761,349.0
5768,1904.25
5811,196.16199811053374
5814,1079.2965574622979
5815,1407.3265274151433
5816,1083.3282978723405
5820,2485.2120881793726
5821,822.1337885785498
5822,1064.279381054605
5823,2635.116266393114
5824,246.18291925465837
5825,253.472049689441
5827,326.5965159970234
5828,512.9876612903225
5829,488.992575
5830,548.8756420233462
5831,8249.0
5834,898.9925
5835,916.4603174603175
5836,878.0697674418604
5837,461.31093952483803
5838,498.0058545797932
5839,596.2615841584159
5840,596.8103448275862
5841,1394.5005555555556
5842,1398.9775
5845,1391.783734939759
5896,976.7947471264363
5897,2057.540127388536
5899,1967.2229257641918
5900,840.8241719077567
5901,2369.5770247933883
5902,2684.483240223464
5903,2356.8654545454547
5904,2378.72
5905,1099.0
5906,3199.0
5907,3799.0
5908,3199.0
5911,3118.280345285538
5912,2974.0
5913,1096.5032608695653
5914,3315.6666666666665
5915,1622.7412121212124
5942,1748.9666666666667
5943,1694.0
5945,302.097491638796
5946,303.5449413489736
5950,2630.25
5951,2682.3333333333335
5953,1849.0
5956,1849.0
5959,1849.0
5962,630.1784274193549
5995,1549.0
5997,1549.0
5999,499.0
6002,325.3640631163708
6004,309.60625
6005,304.1994011976048
6007,308.2432048192771
6008,308.92214285714283
6023,298.6279863481229
6025,1784.7142857142858
6027,298.56825000000003
6028,1664.5737704918033
6040,342.55
6041,2615.6666666666665
6045,303.9572018348624
6051,406.9166666666667
6057,298.37708333333336
6062,1394.592744405179
6063,1273.3161518324616
6064,1489.6468363636336
6065,1299.0
6070,1976.100285714286
6073,1135.0492792792793
6081,1033.1059339080446
6082,911.2091536863978
6083,1429.695236523652
6085,1671.2552060644703
6088,1558.0893169398903
6090,967.5681050955397
6092,1102.3748126801152
6108,261.9025314327479
6113,1541.2363720930218
6117,341.4704268292683
6126,910.5208333333334
6127,1995.548620689655
6128,2371.766009852217
6129,1829.8703125000002
6130,2206.875
6136,1970.442857142857
6156,134.88552244735794
6163,2005.5775
6164,1884.6803278688524
6165,2183.285714285714
6166,686.3235294117648
6171,3887.891304347826
6175,258.36842105263156
6183,1746.2383556012226
6184,670.0724156118144
6185,496.4904492087799
6186,2058.52
6189,271.75
6190,1396.6190476190477
6191,286.8888888888889
6198,1617.1818181818182
6202,403.3263403263403
6226,211.265
6234,298.4137254901961
6236,297.20425531914896
6238,298.0427848101266
6243,320.3642857142857
6247,400.52249134948096
6249,2613.285714285714
6252,297.56532627865965
6254,1245.4426923076921
6257,343.84
6265,1344.0
6270,276.83918367346934
6275,1662.6363636363637
6281,1319.9804347826087
6285,307.48859259259257
6286,296.28021653543306
6291,1549.0
6297,1649.0
6301,346.88916666666665
6307,297.79761904761904
6308,298.2007142857143
6311,445.92820512820515
6312,299.0
6316,398.996062992126
6332,278.2041950113379
6333,494.5947712418301
6342,307.43396674584324
6345,1203.054054054054
6350,1097.3333333333333
6351,408.65399334442594
6353,306.7230466472303
6356,336.8725
6371,1578.0
6376,584.527967818343
6377,1940.2482178217822
6378,1804.1724137931035
6386,420.2021527777781
6393,546.6442131979695
6394,2379.7217054263565
6395,1707.4846153846154
6396,342.9905627705628
6399,997.5106918238995
6400,994.9004285714285
6405,285.9632911392405
6407,1872.5680487804877
6408,2599.0
6415,1029.4730769230769
6420,1779.0
6421,1369.7075
6422,167.83309210526332
6426,1704.7754528985859
6429,282.7039106145251
6430,391.375
6432,191.99958553791723
6435,1054.600628930821
6436,1231.1458583199253
6437,940.6666666666666
6447,1235.734693877551
6457,829.8543389848844
6464,249.0
6472,460.7733045649075
6476,231.27279363110023
6488,514.8509937770559
6492,478.5369741697417
6496,290.17556688125904
6497,868.1528478073742
6503,1605.4280597281836
6505,1494.1612903225807
6506,1495.509923664122
6507,1380.3655527950273
6513,1490.5588235294117
6546,915.1016949152543
6615,990.996
6618,511.35487499999994
6619,2376.967741935484
6620,2133.0461538461536
6624,1243.3648769574945
6625,1045.1345238095241
6627,668.2682926829268
6628,678.7764636140637
6630,2830.763215859031
6632,2598.6153846153848
6641,206.8641379310345
6661,476.2233222222221
6674,30536.663194444445
6675,22171.741995868186
6676,26952.46028037383
6678,28566.0
6687,476.39024371953445
6689,2044.432509124846
6690,2053.785845410628
6694,896.6663207547172
6695,838.7840248226917
6702,420.64034722222226
6710,596.5087529301449
6713,1599.0
6714,2323.137931034483
6727,621.1950578034686
6728,976.5330392156862
6738,646.8165342414712
6740,487.59168516606377
6747,1948.030294117647
6763,559.0420315091211
6766,418.75806691449816
6768,2074.7063812154706
6798,1358.618811881188
6803,1363.9122807017543
6806,2852.846153846154
6807,2720.818181818182
6809,1337.09375
6810,1324.0
6811,1370.8181818181818
6815,1328.0697674418604
6826,1524.0
6834,297.18333333333334
6835,396.99337837837834
6836,292.2168
6837,1771.5
6847,298.0654952076677
6853,1499.0
6855,2340.6666666666665
6857,401.4140625
6861,955.8095238095239
6867,1549.0
6870,1365.3333333333333
6875,298.2323943661972
6882,294.47391304347826
6888,314.8191126279863
6926,405.00986095017356
6927,499.0
6928,1683.4687719298245
6931,249.0
6938,2174.609756097561
6940,1309.989010989011
6946,410.23636363636365
6947,408.7647058823529
6948,522.9473684210526
6951,2299.0
6952,3499.0
6953,358.8500762118929
6955,371.27777777777777
6956,429.0
6957,429.0
6958,95.1923076923077
6959,574.866935483871
6960,207.1
6994,2999.0
7003,524.550078055691
7004,826.5550166478756
7005,2059.6043244456587
7006,2416.0453838958924
7007,2114.01904
7008,618.4736842105264
7018,977.1697311210042
7019,1612.2843665158366
7029,697.0609134615383
7038,1999.0
7039,298.1970588235294
7042,95.92307692307692
7047,523.5538278635448
7054,601.896787969652
7057,3599.0
7058,1999.0
7059,868.0214397905762
7067,998.984375
7070,441.7852578784356
7071,1510.7790407682496
7072,1477.683391608393
7075,2132.91180402931
7085,696.5703822372125
7087,993.1763906581735
7088,971.2222222222222
7093,229.0
7095,1441.4
7104,204.94736842105263
7109,484.8333333333333
7133,2199.0
7134,3493.285714285714
7135,2199.0
7136,3599.0
7146,2299.0
7147,2298.8333333333335
7159,305.24288888888884
7161,2762.6363636363635
7172,2105.7848265628218
7173,1717.0452211934255
7187,297.4340740740741
7202,198.10017570664635
7203,198.0113597733712
7211,312.7053374233129
7213,910.8693904889483
7215,953.7017663043479
7220,1407.6101310043664
7223,3973.7228887135097
7224,4476.736909175181
7230,694.0
7231,999.0
7232,1305.7912087912089
7233,596.1508897485494
7235,535.0
7252,497.8145833333333
7255,349.0
7256,348.2383891213389
7267,299.0
7270,298.75083333333333
7286,299.0
7308,349.0
7315,399.0
7324,349.0
7327,349.0
7328,249.0
7331,348.20681818181816
7337,299.0
7338,348.2391304347826
7342,299.0
7350,347.30789473684206
7384,628.229268292683
7390,346.9795918367347
7393,349.0
7397,299.0
7398,348.5152777777778
7409,295.4823529411765
7440,299.0
7452,465.7885849056604
7458,297.31006711409395
7459,308.5762987012987
7460,294.9408849557522
7462,349.0
7493,349.0
7499,397.25493150684935
7507,198.02152406417113
7508,199.0
7524,298.2111607142857
7526,346.8010606060606
7531,435.0175000000002
7534,299.0
7541,699.0
7543,216.30224489795918
7569,5047.2525000000005
7570,1890.0
7580,2063.3333333333335
7590,1396.6666666666667
7598,1339.6666666666667
7613,225.46666666666667
7634,5990.0
7643,1425.0
7653,407.3958333333333
7655,297.58545081967213
7657,345.87213592233013
7667,6900.0
7668,7966.666666666667
7671,1312.7156862745098
7673,301.2480144404333
7712,276.33415841584156
7713,298.45402298850576
7717,1799.0
7722,1375.6666666666667
7723,2789.272032520325
7724,2916.569601449275
7734,2758.181578947368
7736,332.94084546472567
7741,407.34633152173916
7746,279.8
7748,414.82142857142856
7780,581.4040507492226
7781,655.2857142857143
7789,1257.4375462962964
7790,774.7674880283141
7791,1708.298477900535
7792,1836.6466628141607
7793,1662.6510429067387
7794,3430.914862111945
7798,2586.551535255226
7805,822.9542603237389
7807,2711.1944254024897
7809,1564.5892113095074
7812,5398.043187062212
7817,11900.0
7834,792.5935842834372
7835,930.2439024390244
7836,2307.7070321151828
7838,2427.869381107492
7839,2016.8333333333333
7840,791.8868421052631
7841,799.0
7842,1593.3620198265055
7843,1596.126785714286
7846,836.6206765676568
7851,397.40323630136993
7853,534.4675657894737
7856,813.1935827307004
7863,957.9457753572982
7872,261.30562142038895
7876,654.6701754385965
7877,2995.40625
7878,4711.927419354839
7879,2791.2023809523807
7882,1350.825947521866
7884,2211.8760683760684
7893,2015.5601039103074
7894,1625.6302930659217
7895,892.5863039884272
7910,583.7931034482758
7917,375.67044816191583
7918,475.5
7924,1111.4871287128715
7925,2884.9058558558568
7927,2973.2334567901244
7928,2936.3475155279507
7929,3031.785153846154
7930,1099.1724137931035
7931,358.43589743589746
7932,1061.368932038835
7933,1111.773629629629
7934,897.2543918918918
7935,9500.54264573991
7936,2855.60612244898
7937,2240.099319727891
7948,11437.957142857143
7956,5428.233120204604
7966,2348.80789021728
7967,876.8099626947558
7972,2449.4859126984124
7982,18765.20349211119
7984,481.6756756756757
7995,1659.1694915254238
7998,1085.1818181818182
8005,893.7105263157895
8008,309.8586393088553
8012,297.850376344086
8029,1481.0
8033,1251.6470588235295
8035,296.8216666666666
8039,1199.0
8043,1415.565187353633
8044,1752.8826966292136
8061,904.8066891789349
8063,391.72727272727275
8065,398.928237410072
8071,312.55664335664335
8072,355.89252336448595
8077,253.22922606924644
8078,291.314519650655
8085,193.89754098360655
8093,1328.9271801418472
8094,1122.507671755725
8095,458.27553287981846
8110,1841.857142857143
8112,3058.695652173913
8113,349.0
8116,1699.0
8138,249.0
8144,149.0
8148,149.0
8157,932.5805970149254
8162,249.0
8164,1849.0
8166,546.3392233009708
8169,345.54358974358973
8172,351.94117647058823
8178,361.5
8180,355.25
8192,406.28641975308636
8193,365.2387096774193
8208,125.04391304347826
8214,4899.0
8218,247.919846743295
8219,246.68410958904113
8226,1146.7132743362833
8237,136.34133986928103
8238,204.55555555555554
8244,290.7154054054054
8247,149.0
8249,353.25531914893617
8251,1122.076923076923
8256,464.1685393258427
8257,146.58257575757577
8260,249.0
8287,139.9157894736842
8296,199.0
8322,209.66050420168065
8327,398.2269230769231
8330,616.7027593361001
8335,353.1588397790055
8336,266.35804195804195
8352,1201.5
8357,203.06195219123506
8363,208.6081862745098
8364,1821.5806451612902
8365,2349.0
8366,546.0134493670886
8373,1134.530303030303
8386,249.0
8391,430.7258883248731
8397,396.9116393442623
8398,735.9241379310345
8400,256.9593373493976
8410,2149.0
8416,492.12947916666667
8418,196.5185185185185
8421,249.0
8428,249.0
8429,1198.9757575757576
8436,246.5948275862069
8443,306.77777777777777
8448,4573.061279461279
8452,2857.963167862846
8453,4990.0
8454,4990.0
8455,3497.8248907103816
8456,4690.0
8457,411.50323232323234
8459,326.8845070422535
8460,348.88687500000003
8461,349.0
8468,349.0
8469,349.0
8470,348.77420382165604
8471,349.0
8472,349.0
8474,348.37117117117117
8482,348.38063380281693
8484,345.9026548672566
8491,348.03055555555557
8502,799.0
8504,799.0
8508,651.8395774647888
8509,248.8917391304348
8510,249.0
8513,248.88364485981307
8516,172.0
8524,990.0
8528,822.2895377128954
8529,8717.2
8534,1843.6522680937921
8543,1397.7199596774194
8544,1395.9715104166664
8546,1254.5145502647622
8547,1171.7675396825398
8548,1177.2675159235669
8550,993.1316312056739
8555,239.18
8569,397.1456948356817
8570,491.9550635348436
8571,317.12239819004526
8573,399.0
8596,565.25
8607,447.3014054054054
8615,272.4174825174825
8624,195.0012396694215
8653,257.4738955823293
8656,177.71794871794873
8658,155.2741935483871
8672,158.61383219954647
8684,201.79423423423424
8685,203.97752808988764
8686,200.38935944140863
8687,200.34825870646767
8690,202.98921282798835
8692,446.29411602209944
8693,788.0936329587977
8694,349.0
8696,249.0
8699,248.57068965517243
8702,384.0040756914127
8704,584.2941176470588
8711,112.75862068965517
8731,148.98
8732,167.9465
8733,167.89105263157893
8734,167.7017543859649
8735,495.9390791180272
8736,1150.2416666666666
8737,1529.846625766871
8738,774.9133546325846
8740,143.38372093023256
8743,152.61497391304349
8744,304.81666666666666
8756,555.7388888888889
8757,249.0
8766,147.80374233128833
8768,228.55526315789476
8769,145.96969696969697
8778,130.67456506610995
8779,137.40932642487047
8793,193.87301587301587
8796,245.44897959183675
8797,237.31875
8798,238.61111111111111
8799,212.80597014925374
8801,199.0
8802,353.54545454545456
8803,181.34375
8805,249.0
8808,127.49249999999999
8809,132.33333333333334
8816,1361.7737101449277
8819,793.1910156250001
8839,148.94384057971016
8845,312.6846962025318
8852,398.01408450704224
8855,295.2641509433962
8856,297.0
8858,548.3577102803738
8859,198.13846153846154
8862,1353.1666666666667
8863,248.03369999999998
8864,399.0
8866,399.0
8867,1314.625
8868,349.0
8871,546.918918918919
8874,595.7039024390244
8888,202.84688311688313
8898,494.1811688311688
8902,303.76190476190476
8918,322.112582781457
8919,331.4025641025641
8930,93.82442748091603
8951,163.51612903225808
8958,440.42638968481424
8961,166.26000000000002
8967,147.2
8986,346.43589743589746
9001,6587.189829059828
9010,202.98904494382023
9012,394.76271186440675
9015,390.9096428571429
9019,137.26173728813558
9020,148.09410714285715
9032,397.7471264367816
9035,212.45344827586206
9039,349.0
9047,249.0
9054,404.77279069767445
9056,576.2983983983994
9065,291.9896875
9066,99.35802469135803
9067,104.88235294117646
9070,98.73375
9071,101.08641975308642
9089,204.56498054474707
9103,50.0
9107,50.0
9139,50.0
9142,50.0
9151,359.97478632478635
9162,153.0
9165,420.9342245989305
9167,957.0904761904762
9171,349.36305147058823
9172,349.3871794871795
9175,247.342
9187,249.0
9199,1349.0
9202,1799.0
9203,1999.0
9205,1999.0
9206,1795.7230136986302
9207,1798.9375
9208,1794.077922077922
9210,1787.3
9211,1999.0
9212,1999.0
9226,299.0
9240,865.2173913043479
9275,1123.9161870503597
9277,491.34095744680855
9307,1574.0
9308,783.5
9313,348.99666666666667
9321,634.7142857142857
9322,615.6666666666666
9323,622.75
9329,899.0
9330,899.0
9333,849.0
9334,849.0
9335,849.0
9337,899.0
9338,899.0
9349,749.0
9354,699.0
9355,348.6993284424384
9356,398.8781661600806
9358,593.7908552631578
9359,597.4318627450981
9361,698.9833333333333
9365,499.0
9366,494.96
9377,699.0
9388,189.55102040816325
9389,699.0
9390,699.0
9391,699.0
9394,296.6873134328358
9395,297.07615062761505
9397,296.41851311953354
9398,296.03752173913045
9399,295.3535460992908
9400,297.0851063829787
9401,295.828125
9402,294.567947761194
9403,296.14109589041095
9404,296.91307692307697
9405,296.54611005692595
9406,348.9898979591836
9407,345.16979104477616
9408,344.883381294964
9409,347.67429530201343
9410,348.80791666666664
9411,347.49066371681414
9412,297.0924369747899
9413,297.91013513513514
9414,295.4788732394366
9419,478.0833333333333
9420,488.0869565217391
9422,441.0093172690763
9423,443.2857142857143
9424,438.5833333333333
9425,349.0
9449,346.5813186813187
9451,357.5775510204082
9457,302.2
9459,240.0
9463,392.4517857142857
9464,190.0
9465,299.51612903225805
9466,240.0
9468,380.0
9469,2548.3629032258063
9478,186.125
9481,149.0
9494,75.47058823529412
9495,99.0
9496,99.0
9497,108.72222222222223
9498,99.0
9499,98.53658536585365
9500,98.48214285714286
9507,131.47105882352946
9509,250.56840909090914
9513,202.51953642384106
9518,259.81770491803275
9524,207.85106382978722
9526,268.19354838709677
9532,396.3149507202427
9533,361.76190476190476
9534,441.34615384615387
9539,198.46867088607596
9541,360.40501792114696
9550,183.33333333333334
9554,198.44025157232704
9565,127.05407066052229
9572,145.0598684210526
9580,899.0
9583,249.0
9596,199.0
9665,759.0
9676,197.33333333333334
9698,841.55
9740,786.5
9753,701.542372881356
9782,943.677130044843
9783,1361.057251908397
9784,772.1248380129591
9786,153.38396017699117
9795,166.92105263157896
9797,161.9673913043478
9800,148.308984375
9805,198.9485294117647
9819,427.21999999999997
9821,1049.0
9830,145.83516483516485
9832,104.10204081632654
9835,396.9122807017544
9840,224.0
9845,267.4623883928571
9855,211.5
9862,307.7723999415716
9863,555.5227046263344
9864,139.96774193548387
9870,227.6376623376623
9873,353.712996742671
9882,320.07894736842104
9894,349.0
9909,622.875
9912,616.4651162790698
9914,597.8048780487804
9920,144.66086956521738
9923,291.18543689320387
9927,397.93125
9928,799.0
9930,448.4179487179487
9949,203.83870967741936
9951,149.0
9957,945.1987603305786
9964,367.59373134328354
9974,181.3684210526316
9976,180.95166666666668
9978,579.0
9980,998.9892045454544
9985,530.3408759124088
9986,517.9155858085809
9989,224.0
10003,113.83333333333333
10005,299.0
10007,330.2577868852459
10021,383.9498076923079
10027,2020.875
10029,1864.0172413793102
10032,2401.4849999999997
10039,226.37582159624407
10042,474.1907120743034
10043,1163.2465753424658
10044,788.7294811320754
10058,906.3
10064,271.8493775933609
10072,169.0
10074,249.0
10075,397.8490131578948
10083,140.07634408602152
10092,149.0
10093,396.73770491803276
10094,490.3543165467626
10099,390.40591836734694
10126,174.0
10131,208.3397222222222
10132,209.90176470588236
10143,2190.1451612903224
10144,7703.166666666667
10146,4234.507246376812
10148,206.27796296296296
10149,4176.857142857143
10158,309.2264631043257
10159,200.9265171503958
10160,201.1779069767442
10161,200.1975352112676
10164,200.2001666666667
10168,203.4262295081967
10177,398.6107055961095
10180,248.6513888888889
10186,308.82758620689657
10190,970.1990322580644
10194,499.0
10200,395.4501275510153
10201,782.3995342733286
10202,1173.5929247403278
10204,399.0
10206,2099.0
10207,1189.8422775823187
10208,1199.0
10209,1493.371018538428
10210,3481.3082701910694
10211,3489.611325887732
10215,999.0
10216,147.98141342756185
10224,299.0
10225,246.90384615384616
10230,1877.5701923076922
10237,303.90384615384613
10266,299.0
10267,246.40808080808083
10273,302.29016393442623
10277,249.0
10278,205.625
10283,912.8888888888889
10285,298.67267759562844
10287,139.82
10290,147.76785714285714
10292,120.15148225957053
10297,713.0814179104476
10298,271.30952242659123
10300,590.2284321745051
10304,290.7923076923077
10305,363.10769230769233
10306,249.0
10315,149.0
10324,1136.9310344827586
10325,151.85977192982455
10327,349.46136363636367
10329,1093.4444444444443
10330,343.997972972973
10331,152.0082634730539
10333,303.0057142857143
10334,150.21035422343323
10336,323.85853658536587
10337,152.049375
10339,301.7609756097561
10340,149.17837905236908
10342,302.8232558139535
10343,153.27067839195982
10346,320.82337662337665
10347,152.32706395348836
10348,153.08756637168142
10349,321.27500000000003
10351,6991.0
10352,4957.595327102803
10378,149.1432475884244
10379,247.07653409090906
10380,627.9855072463768
10381,714.9277108433735
10382,489.0967532467532
10385,506.0708333333333
10389,306.3215361445783
10390,200.1579391891892
10391,202.47610993657506
10402,1393.39875
10405,830.2608695652174
10423,1191.2527027027027
10424,512.0434782608696
10425,1150.807894736842
10429,447.44117647058823
10436,981.5581655481008
10438,625.1544196428573
10439,165.82620253164555
10447,439.52384615384614
10448,1471.1818181818182
10449,769.7527777777776
10452,137.59293394777265
10453,445.2667279411765
10455,275.8497916666661
10472,399.0113636363636
10476,472.1149339933994
10477,1473.2988505747414
10478,758.4504843304871
10480,472.10996784566237
10487,388.2413032454361
10488,98.81666666666668
10493,149.0
10495,144.83333333333334
10504,1533.2257142857143
10508,322.16842105263163
10513,1470.1021505376343
10514,706.6620539104031
10515,168.20634920634922
10516,1567.0
10517,1848.9666666666667
10518,398.2486187845304
10523,94.23809523809524
10529,165.8379746835443
10530,536.375
10541,257.8235294117647
10546,449.0
10551,298.65574018126887
10552,658.38453125
10553,399.0
10554,399.0
10578,299.0
10580,99.0
10581,99.0
10582,99.0
10583,212.43283582089552
10584,99.0
10585,99.0
10586,299.0
10588,209.25641025641025
10600,299.0
10609,352.3333333333333
10614,517.7175675675676
10620,995.4205607476636
10625,764.8107784431137
10631,678.5352542372882
10633,864.7894736842105
10642,995.3460869565217
10645,550.0
10649,788.7555555555556
10651,773.3356435643564
10653,705.2891891891892
10659,796.33854200107
10660,1060.0461849710985
10661,1246.9680219780219
10667,597.1578947368421
10669,763.2786885245902
10672,514.3658536585366
10674,564.711038961039
10676,802.8369565217391
10677,855.1075268817204
10678,1159.549686684073
10679,836.5384615384615
10686,857.21875
10687,998.1317222222224
10691,858.1745754716982
10697,400.0
10707,1536.0252985074624
10718,301.81692446043166
10721,148.55752212389382
10726,399.0
10727,399.0
10748,204.45454545454547
10749,149.0
10750,103.11724137931036
10751,249.0
10752,249.0
10753,249.0
10757,556.1461538461538
10763,690.8768115942029
10767,339.6909090909091
10772,248.3450980392157
10773,298.9981818181818
10774,299.0
10775,299.0
10776,352.50375939849624
10777,397.8502024291498
10778,556.6199095022624
10780,349.0
10782,249.0
10784,401.5793478260869
10785,372.7477477477477
10786,257.6498845265589
10802,138.85
10812,249.0
10820,196.8148148148148
10823,149.0
10827,449.0
10839,249.0
10861,160.4141941391923
10862,210.7619318181818
10887,204.39354838709679
10888,248.12868852459016
10889,202.40254237288136
10891,202.4470588235294
10892,200.5952380952381
10893,2299.0
10894,172.66906474820144
10904,182.26103896103896
10907,179.34505300353354
10908,180.6742236024845
10911,186.52383177570093
10914,202.66206185567012
10915,199.548077994429
10918,194.42223684210526
10927,199.35013850415515
10928,202.05903307888045
10930,202.16666666666666
10931,1999.0
10934,197.1206896551724
10935,199.0
10937,197.37313432835822
10939,181.29344827586206
10940,1200.3333333333333
10942,201.71688144329894
10943,203.19067741935484
10944,174.39595141700406
10945,300.70673575129535
10947,303.36893203883494
10954,542.5
10958,148.87740066225166
10977,234.88888888888889
10979,96.98655462184874
10983,149.0
10984,149.0
10987,808.3940035273386
10989,277.93585858585857
10990,370.8951048951049
10997,249.0
11010,200.09903381642513
11011,296.24050632911394
11012,200.18431734317343
11022,338.4169642857143
11044,147.5839416058394
11046,164.76702380952383
11055,501.4178714859438
11056,445.301968503937
11057,397.42611764705885
11058,787.0710526315789
11060,200.63944805194805
11063,399.0
11069,394.4117037037037
11072,372.1182795698925
11074,399.0
11081,148.64910554561718
11099,150.13333333333333
11106,201.6888888888889
11113,395.16
11117,249.0
11132,102.92156862745098
11133,206.22289156626505
11137,298.95
11141,229.23423423423424
11147,2672.254385964912
11159,382.13142750373544
11160,554.1969696969675
11161,967.1126250000001
11170,395.66037735849056
11172,149.0
11179,677.7914925373134
11181,103.19298245614036
11184,199.40726978998384
11186,181.64243243243243
11187,399.0
11188,420.50090225563906
11193,224.25
11199,148.23333333333335
11207,396.482469483569
11232,354.6631578947369
11236,397.6885245901639
11237,394.96875
11238,502.6666666666667
11242,287.4700757575758
11243,217.28015267175573
11252,447.284243697479
11255,196.44506172839505
11261,201.62773722627736
11265,1485.6666666666667
11266,86.8048780487805
11268,102.30434782608695
11271,150.0
11272,446.7907949790795
11273,18.275862068965516
11274,15.0
11279,15.0
11280,15.0
11285,346.72033898305085
11286,399.0
11292,399.5672752043597
11293,449.0
11296,350.0
11302,1799.0
11304,216.65019531250002
11306,439.56606606606607
11309,549.0
11323,299.0
11324,298.6473684210526
11345,346.06666666666666
11354,3954.249122680473
11355,298.9913793103448
11363,1481.8727272727272
11365,1887.5654163364798
11369,1007.9654649221
11370,822.1659428178274
11371,354.6466973886452
11372,561.8721411964034
11373,367.54890922352246
11375,249.0091743119266
11377,356.7378640776699
11379,197.29530201342283
11382,199.0
11391,908.3911422087745
11400,403.4347826086956
11401,149.0
11404,398.79949748743724
11409,147.63636363636363
11425,303.9212598425197
11430,90.07142857142857
11431,268.7684331797235
11435,202.03643724696357
11436,208.06766917293234
11454,124.26020761245677
11467,139.28571428571428
11479,249.0
11486,265.6666666666667
11488,387.6904761904762
11489,247.00665399239543
11496,290.77012909319967
11498,561.3129634522259
11516,856.1428571428571
11520,909.8695652173913
11521,899.0
11523,726.9750793650794
11526,823.1333333333333
11527,721.2222222222222
11530,935.0
11534,782.8288
11535,849.0
11542,754.5555555555555
11567,249.0
11571,580.2223749999999
11572,352.3333333333333
11574,149.0
11575,140.14845804988659
11576,123.69964157706092
11579,339.76363636363635
11580,149.0
11593,662.5875
11603,264.5647727272727
11607,228.27728706624586
11631,455.5217391304348
11655,1936.0510453100158
11660,341.85714285714283
11674,399.0
11676,1229.0
11678,338.44307692307694
11682,150.4290697674419
11685,161.37058823529415
11688,146.15146666666666
11690,249.0
11694,325.20826923076925
11703,446.6629166666667
11704,795.0270833333333
11710,1346.4716981132076
11711,303.08221459825
11723,199.0
11758,144.4075
11760,249.0
11763,249.0
11766,249.0
11768,245.875
11769,249.0
11770,249.0
11771,245.8
11772,245.34380952380948
11773,249.0
11774,249.0
11775,249.0
11779,149.0
11784,447.3013675213675
11785,785.4464831804313
11811,1696.0108299408248
11827,177.4090909090909
11829,879.2758388520964
11830,298.51382113821137
11874,198.27586206896552
11875,298.7073170731707
11879,302.31168831168833
11880,302.8888888888889
11892,249.0
11913,446.4843596059113
11915,320.8737980769231
11920,4844.073092369518
11921,552.3640058663311
11922,553.1572604065827
11924,3628.655172413793
11925,552.7816852886414
11926,1169.5343915343915
11927,584.2832364341085
11930,262.1370810810811
11931,603.31654676259
11936,230.8181818181818
11938,128.04593080724874
11947,148.04625000000001
11948,146.45882352941177
11953,168.06578947368422
11961,336.4731111111111
11968,147.70520833333333
11970,204.1448275862069
11973,296.575
11975,230.4195652173913
11983,385.919881305638
11984,911.8684210526316
11985,465.5117924528302
11996,249.0
11997,421.99329896907216
12020,367.65317460317425
12021,802.0648423400426
12023,167.54038461538462
12028,172.47060714285712
12031,203.03303571428572
12040,397.7
12054,149.0
12063,443.032
12064,142.35442176870748
12065,464.54482758620685
12066,147.03422297297297
12080,393.096
12081,391.0339759036145
12082,966.7933159722188
12083,690.1538251366106
12088,393.0952380952381
12090,397.4088108882522
12091,478.1400541746329
12097,249.0
12115,322.2475
12116,874.8234375000002
12124,29814.235294117647
12125,24451.571428571428
12132,2227.162601626016
12134,313.3866283048211
12135,301.1368027210885
12189,310.88125
12191,374.8833333333333
12192,1999.0
12193,1562.081818181818
12194,479.5112869565217
12200,297.8368932038835
12204,348.5673553719008
12206,2073.377880184332
12208,1726.7871921182264
12212,3977.482238805971
12216,1600.0
12220,1600.0
12223,172.0
12228,262.3333333333333
12231,349.6875
12232,349.3766233766234
12233,356.7519379844961
12235,188.0
12286,90.93841040462428
12317,249.0
12332,249.0
12333,105.20289855072464
12337,432.2163284132844
12346,343.64102564102564
12360,362.2187755102041
12361,120.10800884955754
12362,392.9517165898617
12363,944.1782624113457
12378,96.42857142857143
12380,247.08087557603687
12382,349.0
12400,249.0
12405,332.2482075471698
12408,349.0
12421,248.47578124999998
12451,393.77777777777777
12456,249.0
12459,339.831467661692
12460,2099.0
12463,203.90769230769232
12465,203.95502577319584
12466,1720.0526315789473
12467,3003.3533950617284
12472,206.12380952380954
12473,206.63641456582633
12474,2099.0
12475,203.0928961748634
12477,202.3349315068493
12478,1721.9166666666667
12482,643.0287037037037
12485,202.5508097165992
12486,961.7894736842105
12491,201.25751072961373
12498,201.3845098039216
12500,460.96153846153845
12501,431.2775862068965
12503,438.1821428571429
12504,422.9026548672566
12506,439.7857142857143
12507,420.9110062893082
12512,462.56774193548387
12513,487.31111111111113
12514,464.09530303030306
12515,427.6771929824561
12516,466.2112676056338
12523,428.76335877862596
12524,435.5412698412698
12526,438.18918918918916
12527,426.8617449664429
12528,465.5
12529,440.9375
12536,204.79285714285717
12539,306.65893536121666
12541,182.49949238578682
12542,183.87887788778878
12543,180.47150943396224
12544,200.66803347280336
12548,200.0601083032491
12549,201.65632411067196
12550,181.29227999999998
12551,178.65648854961833
12552,180.94788273615634
12558,203.54630606860158
12563,153.0013651877133
12569,446.1828571428572
12589,144.61111111111111
12590,137.38095238095238
12610,353.8705357142857
12612,443.26519480519477
12619,81.6086956521739
12637,1399.0
12646,399.0
12663,278.2682926829268
12664,272.6842105263158
12671,244.45454545454547
12672,1533.4666000000004
12675,398.73576158940404
12677,202.0841368584759
12686,586.1507987220448
12688,199.0
12693,1735.0894285714287
12696,298.3818181818182
12697,483.0980392156863
12698,146.5375
12699,147.8962962962963
12700,149.0
12701,146.4078947368421
12705,199.0
12706,249.0
12707,631.1106617647059
12708,627.9886363636364
12709,396.231884057971
12710,227.44660194174756
12715,397.6666666666667
12723,196.45483870967743
12730,1475.503056768559
12732,1490.0
12733,1490.0
12743,186.31476510067114
12751,249.5681818181818
12752,439.268
12764,359.1476190476191
12771,455.3761467889908
12778,204.03666666666666
12781,129.4951754385965
12793,145.29931208053708
12795,258.1664113785558
12796,290.3591858037578
12797,202.22675814751287
12803,1021.4211538461539
12805,286.0520309477756
12808,201.3909420289855
12815,1049.5164556962025
12817,122.27580246913583
12826,252.2223076923077
12828,111.07868171021377
12830,338.76216216216216
12837,204.49019607843138
12838,198.04615384615383
12839,144.14487895716948
12840,148.97080152671757
12851,299.0
12857,249.0
12860,133.25178335535009
12863,260.06451612903226
12871,328.52727272727276
12881,397.48010416666665
12882,749.0
12889,209.9189189189189
12891,349.0
12912,901.6705780219845
12917,247.65545023696683
12927,132.23287671232876
12935,421.8806535947712
12957,222.27586206896552
12958,200.39453551912567
12964,200.79221854304635
12967,201.33499999999998
12970,203.41011450381677
12974,248.44738562091501
12979,201.5713725490196
12981,349.0
12990,201.43599290780142
13009,185.61111111111111
13011,298.69489795918366
13023,208.3151937984496
13026,1138.5588235294117
13027,200.47321428571428
13029,1108.375
13030,1099.0
13040,256.79999999999995
13041,173.75272727272727
13048,346.1976114649682
13058,334.9383977900552
13075,1650.7389175257733
13076,1199.0
13079,238.63333333333333
13080,150.0
13084,349.0
13086,1501.4963392857144
13094,2500.0
13097,999.7654569892474
13098,2000.0
13099,500.0
13100,1348.3147410358565
13104,397.60573248407644
13105,456.29941422594146
13110,3352.5806451612902
13113,4199.0
13117,307.2608695652174
13118,298.7734848484849
13122,1498.6575877192984
13123,1499.0
13124,1481.4444444444443
13128,1319.0
13129,1306.990909090909
13132,257.90342465753423
13133,249.0
13134,272.3333333333333
13139,297.16
13142,296.9230769230769
13151,190.74815714285745
13159,225.77736486486432
13166,247.54388888888886
13168,352.56120218579235
13174,348.9913793103448
13193,199.0
13194,349.0
13202,2171.222222222222
13205,298.58949416342415
13206,1865.006976744186
13208,586.3789473684211
13210,328.7950310559006
13211,349.0
13212,398.98428571428576
13213,349.0
13214,657.0345238095239
13216,398.54659090909087
13217,398.7257731958763
13218,647.4146341463414
13219,299.0
13220,849.0
13221,849.0
13222,849.0
13223,849.0
13224,838.375
13225,1380.9354838709678
13226,659.0
13227,659.0
13228,743.2384615384616
13229,499.0
13230,499.0
13233,649.0
13234,949.0
13235,649.0
13236,944.3560975609756
13237,945.7830508474576
13238,799.0
13239,799.0
13240,449.1758108108108
13241,447.165034965035
13243,949.0
13244,317.00625
13245,549.0
13246,357.9977715877437
13247,367.86749999999995
13248,1231.546511627907
13252,421.8416666666667
13253,849.0
13254,849.0
13255,499.0
13256,499.0
13258,489.0
13259,799.0
13260,352.15238095238095
13261,496.44102564102565
13262,496.3371052631578
13265,448.4102564102564
13266,787.95
13267,793.2928571428572
13268,499.0
13269,499.0
13270,489.0
13272,369.0
13274,671.0
13276,625.4
13277,359.0
13278,398.7979797979798
13279,399.0
13280,449.0
13281,745.1461538461539
13282,429.22222222222223
13283,533.2857142857143
13285,465.19854838709676
13286,466.11363945578233
13287,466.34576271186444
13288,462.73333333333335
13289,649.0
13290,346.50714285714287
13291,399.0
13292,429.0
13293,599.0
13294,427.7972027972028
13296,649.0
13297,649.0
13298,749.0
13299,389.0
13300,538.9898979591837
13301,538.5970149253732
13302,558.967
13304,787.5571428571428
13306,799.0
13307,733.1063157894737
13308,397.8965517241379
13311,849.0
13312,799.0
13314,649.0
13315,649.0
13316,649.0
13317,639.09375
13318,651.8399999999999
13319,599.0
13320,599.0
13321,599.0
13322,599.0
13323,359.0
13324,725.8315384615386
13325,649.0
13326,649.0
13327,749.0
13328,745.7219565217392
13329,743.437037037037
13330,507.41
13331,398.327731092437
13332,1383.7589130434783
13333,449.0
13334,357.5921568627451
13335,349.0
13336,649.0
13337,599.0
13339,355.92978723404246
13340,355.7685393258427
13341,150.0
13342,150.0
13343,150.0
13359,150.0
13363,298.05961123110154
13367,297.88
13369,299.0
13370,298.20630733944955
13375,299.0
13379,299.0
13381,298.4339622641509
13383,299.0
13385,297.81756756756755
13387,298.534
13388,299.25
13390,299.0
13397,9809.188414634147
13398,11056.769696969699
13399,12310.948744769874
13400,16717.666057347582
13401,25573.454175824176
13403,39990.5
13405,18660.956270800183
13407,24849.447183098593
13409,1991.2993055555553
13411,3592.1690666666673
13412,1791.0
13415,1699.0
13416,1513.1138095238096
13448,34823.333333333336
13449,30041.2
13452,1998.9741379310344
13457,1983.8308256880732
13458,1998.975
13460,1203.5756352765322
13463,1692.062463768116
13464,1697.651832460733
13494,15046.67
13499,31623.88732394366
13503,34990.0
13505,1124.4389057750761
13511,1537.559720744681
13512,1497.5725118483413
13515,2413.3979919678713
13518,1497.130218446602
13520,1527.4758620689659
13529,999.0
13531,999.0
13535,358.6
13536,399.0
13541,3352.2021276595747
13542,4365.315481651376
13543,2699.0040000000004
13544,1182.0333333333333
13548,868.8823529411765
13549,453.1458333333333
13552,2146.8260869565215
13556,2497.898389830509
13561,6495.428571428572
13570,399.0
13573,345.66037735849056
13578,1799.0
13579,1799.0
13580,1799.0
13586,1599.0
13587,1557.3333333333333
13588,1626.1827272727276
13589,1599.0
13591,1791.9411764705883
13593,2009.5263157894738
13594,1957.7125
13605,300.6694444444445
13606,304.1219512195122
13609,288.9502538071066
13616,295.1536643026004
13628,341.1436090225564
13630,1099.0
13631,1084.7142857142858
13632,999.0
13633,999.0
13634,999.0
13635,999.0
13636,999.0
13637,999.0
13641,911.5
13645,1119.0
13646,777.125
13649,813.5714285714286
13650,1199.0
13651,913.0909090909091
13653,1178.8413333333333
13654,1099.0
13656,999.0
13657,999.0
13659,744.1612903225806
13661,1412.725972222222
13663,925.2333333333333
13665,1199.0
13667,999.0
13674,1113.2615384615385
13675,1243.190301724138
13678,999.0
13685,1043.6969696969697
13686,1099.0
13688,920.2193150684933
13691,1129.0
13693,849.0
13695,853.429411764706
13696,799.3276363636363
13697,854.2635256410257
13698,819.9966666666667
13699,594.8425242718447
13700,826.5637878787878
13701,835.1649000000001
13702,774.6756756756756
13703,1498.945504587156
13704,830.8181818181819
13705,850.1953658536584
13706,829.969387755102
13708,831.1685483870967
13709,899.1922705313985
13710,836.1609375
13712,834.6543243243243
13716,213.6969696969697
13717,212.30092369477913
13718,206.7496875
13719,226.73495633187773
13720,227.0
13721,227.43627232142856
13722,226.96481481481482
13723,225.8083333333333
13732,396.77124999999995
13741,849.1934951456311
13742,976.5
13743,495.4357142857143
13753,439.8165625279221
13754,457.2073869813535
13790,115.86521739130436
13802,490.5193370165746
13810,1556.759009009009
13812,138.92064676616914
13818,379.1714285714286
13822,249.0
13824,166.75801136363637
13826,586.7991803278688
13827,163.2122362869209
13834,148.01451016635858
13853,1359.1996385542175
13855,1111.6353846153847
13860,488.44119170984453
13867,328.07462686567163
13869,326.13392857142856
13880,213.5572452830189
13881,584.7874446583252
13888,352.08944392082947
13889,203.28146817248464
13893,201.3200367647059
13894,202.3177672955975
13896,199.83684210526314
13900,1178.4117647058824
13901,313.0143708293614
13903,202.28943452380952
13904,1327.8125
13919,289.8329166666667
13923,153.78686301369862
13932,147.33333333333334
13934,199.0
13946,143.15667870036103
13948,139.43430656934308
13958,401.4104524886877
13968,199.0
13974,304.47828125
13976,369.86894736842106
14019,279.22666198939754
14020,273.67696356275303
14026,140.592
14033,224.0
14057,299.0
14064,249.0
14075,193.64517543859648
14088,734.0037037037038
14101,434.5783783783784
14102,730.0090909090909
14103,204.09480874316938
14108,3299.0
14110,109.05555555555556
14121,599.0
14124,670.3821656050956
14125,1831.8829603729373
14126,363.9518924302789
14127,928.00376876877
14128,666.5300967741966
14130,332.8225806451613
14135,258.25
14136,1336.6611377245508
14137,288.1427450980393
14140,292.8645205479452
14151,2999.0
14152,3192.28
14153,3136.9310344827586
14163,298.425
14164,300.65617021276597
14176,366.7919799498744
14193,299.0
14197,196.23636363636365
14198,195.0
14199,195.0
14200,195.0
14201,145.0
14202,145.0
14203,145.0
14204,145.0
14205,145.0
14207,195.0
14208,195.0
14215,298.53801916932906
14216,298.99717514124296
14217,299.0
14220,298.9991304347826
14222,299.0
14223,299.0
14224,298.4392523364486
14227,98.59635672020286
14228,98.42207882069793
14229,98.70806137724551
14246,1949.0
14247,201.86171586715867
14252,201.17801204819278
14253,1299.0
14254,367.3990654205608
14258,429.92163120567375
14262,272.9134529147982
14267,205.44714285714286
14272,422.0769230769231
14274,399.0
14277,229.0
14280,345.7158620689655
14282,344.6862745098039
14283,346.24334415584417
14284,310.83116883116884
14286,398.65
14295,184.2941176470588
14301,599.0
14308,167.67313043478262
14310,180.7255033557047
14312,197.98259911894274
14313,200.51254480286738
14318,209.29417475728155
14321,249.0
14333,1472.0375000000001
14335,855.8028846153846
14341,362.9344262295082
14361,358.2897590361446
14362,1178.2631578947369
14370,279.190243902439
14386,148.38125000000002
14389,151.7040933572711
14390,152.15239410681397
14393,355.25
14396,296.8039306358382
14398,299.1393197278911
14400,301.5483823529412
14406,201.0313725490196
14407,211.88333333333335
14409,399.0
14421,349.0
14423,568.6590778097983
14430,150.22507836990596
14436,153.1426877470356
14437,228.14473684210526
14442,289.2397196261682
14443,148.22866242038216
14447,425.34918918918936
14457,240.84181818181816
14458,298.5353238341969
14470,297.78145695364236
14472,497.59602272727267
14476,237.0
14477,403.76190476190476
14479,600.4785714285715
14500,286.1322274881516
14501,124.94285714285714
14504,479.7647058823529
14525,496.3162711864407
14526,258.9951748251748
14532,152.0625
14543,216.25
14550,147.621421446384
14552,314.9821194029851
14573,199.0
14575,583.3457317073171
14583,234.27777777777777
14605,249.0
14627,203.34254032258067
14628,200.5049019607843
14652,284.84961240310076
14659,198.0754716981132
14663,206.5233606557377
14664,384.3389534883721
14666,198.99900000000002
14668,398.24285714285713
14673,355.6666666666667
14678,202.80160256410255
14690,202.00905172413792
14691,974.0
14705,203.54545454545453
14709,898.85
14710,397.73590579710145
14711,694.2234042553191
14712,494.2363636363636
14734,202.6
14736,399.0
14751,396.2008888888889
14755,144.32276559865093
14766,2849.0
14777,334.7166545893722
14786,245.41428571428574
14792,277.0125
14794,276.07599999999996
14795,199.375
14801,444.81839449540826
14802,1468.9613425925927
14803,790.7284385382046
14807,1942.8636363636363
14808,546.4074074074074
14809,979.8683333333299
14822,1217.3493650793653
14828,206.6422993492408
14830,271.67334981458595
14831,938.1358654271806
14833,189.0
14836,310.4713157894737
14839,235.84020833333338
14840,794.7993388429752
14844,326.0174067164179
14845,217.7871513944223
14846,222.72727272727272
14848,319.3269544364532
14850,546.5204
14865,191.4093203883495
14866,277.7037037037037
14884,384.7261904761905
14891,1229.4347826086957
14892,591.914433497537
14899,1230.2302318840607
14903,149.0
14913,956.2932584269662
14931,705.2993520757757
14934,149.0
14956,298.0425531914894
14957,298.0486772486772
14958,294.1036363636364
14960,249.0
14961,249.0
14962,249.0
14963,249.0
14964,249.0
14965,249.0
14966,249.0
14967,297.06451612903226
14968,248.45555555555555
14969,246.23333333333332
14970,245.8875
14971,245.67999999999998
14973,293.98333333333335
14977,299.0
14979,999.0
14981,2289.0
14984,3999.0
14987,3289.909090909091
15001,1193.5454545454545
15015,299.0
15017,2190.4186046511627
15027,549.0
15031,391.8013888888889
15035,440.13371212121024
15037,546.7083333333334
15040,594.018096208339
15042,1466.5909708737863
15045,1208.9211872852215
15047,1495.3908490566039
15048,1498.1606188925082
15049,1498.1674193548388
15050,1198.297093023256
15052,3568.0518181818184
15054,487.1191097724218
15056,399.0
15063,469.2771961424432
15065,788.7435897435897
15066,731.1525527704481
15067,5467.222554644836
15069,2460.3172500762357
15071,599.0
15072,392.7007874015748
15073,359.0
15074,119.0
15077,888.156626506024
15087,1298.9722222222222
15088,662.5514361702127
15093,799.1153846153846
15096,754.2500000000001
15103,888.064705882353
15104,1323.1204372197308
15106,1011.2555831265508
15112,158.7120879120879
15115,186.38059701492537
15116,179.70652173913044
15117,175.40952380952382
15118,177.71754966887417
15124,196.64406779661016
15125,191.61290322580646
15128,177.91943127962085
15131,176.22972972972974
15134,186.22151898734177
15142,127.0
15150,305.25
15151,299.0
15161,1299.0
15162,2983.97525
15164,1299.0
15165,2991.5834782608695
15166,1299.0
15167,2959.0
15168,1299.0
15169,2965.251162790698
15171,1298.9615384615386
15172,2999.0
15193,299.0
15206,248.14576271186442
15213,921.2255284552846
15214,1666.8007335907337
15217,873.1247440944882
15219,895.8555263157895
15220,848.2904838709678
15221,1396.5528571428572
15222,1549.0
15223,932.8359793814433
15225,1297.4146341463415
15226,860.5721835443038
15228,849.0
15229,1400.6074004975
15230,1549.0
15232,846.7578947368421
15237,497.2748466257668
15238,593.5681557846514
15239,497.9766355140187
15240,593.1942237442923
15255,996.3258692185008
15256,996.7405365853657
15257,1005.4007945736432
15260,598.896033519553
15261,672.5423611111112
15262,673.2259352517987
15265,656.1676589595376
15266,695.5043913043479
15267,1241.672857142857
15270,1484.8337179487178
15275,1658.546807610994
15276,866.246976744186
15278,942.4487952898552
15279,897.6425
15280,1095.5010362694302
15281,1097.0866666666668
15282,2395.645419847328
15283,1589.0665129151294
15284,889.9851170458301
15285,2694.0571830985914
15286,1628.5619166666668
15287,884.9192842535789
15288,2722.9802
15289,1512.306453488372
15290,2721.893220338983
15291,1095.6713
15294,1013.2546186440679
15295,2364.1279069767443
15298,1255.4215040650404
15299,897.431195652174
15300,888.8156790123458
15302,887.6602068965518
15303,955.3348020654045
15304,1637.3158895705524
15318,740.0714285714286
15319,1136.2475975975976
15321,1135.4896276595744
15323,499.40802469135804
15326,2328.9505
15328,1899.0
15334,245.3665178571422
15338,1298.9827586206898
15344,270.08381294963965
15348,1669.0
15371,1585.1538461538462
15374,357.13965517241377
15375,273.0114285714286
15392,737.1087192118227
15395,625.0520520231214
15397,1568.9505
15398,1123.561916167665
15399,1125.3901197604791
15401,1117.617951807229
15402,1123.2251388888888
15405,756.0448979591836
15406,436.6258823529412
15407,731.8195833333333
15410,1139.0
15411,699.0
15412,499.0
15413,575.04
15414,519.2
15415,636.01
15416,999.0
15417,799.0
15419,799.0
15420,649.0
15423,334.88330097087464
15424,1604.764705882353
15438,712.7821805792164
15444,653.411161971831
15446,589.9365474722564
15447,1148.7330366492147
15450,641.7755118110236
15451,799.0
15455,575.1625684931507
15456,591.6438709677419
15458,507.0169166666666
15459,682.9728971962618
15470,300.99418960244645
15472,635.3750655021835
15477,558.0567716535433
15478,1105.2791860465118
15480,570.5893617021277
15481,1102.761880733945
15483,535.5730249110319
15484,1108.2856074766357
15487,541.5576106194691
15488,1102.7942592592592
15489,1148.2748148148148
15490,1148.4899999999998
15492,557.3490697674418
15493,648.4333333333334
15494,796.7627122641509
15495,398.8024752475248
15496,494.76965753424656
15497,645.9511971830987
15498,855.23875
15499,799.0
15500,1199.0
15503,576.6245374449338
15504,533.6111111111111
15507,824.7844318181818
15510,1199.0
15511,1186.2941176470588
15512,1198.9878048780488
15513,1199.0
15519,294.4897203947368
15520,336.6545751633987
15521,592.7900169204738
15523,299.0
15524,212.3625
15545,687.3421052631579
15546,166.6374647887324
15548,203.63229166666667
15552,1498.8145141700404
15560,327.57142857142856
15571,209.5792537313433
15572,1385.2068965517242
15574,7057.5
15575,6636.375
15577,1349.0
15584,995.8609090909092
15591,647.6584374999999
15594,243.58333333333334
15595,149.0
15608,249.0
15609,249.0
15624,249.0
15635,122.523595505618
15640,421.301956521739
15653,92.75
15654,390.83513513513515
15673,147.20975609756098
15680,396.4578313253012
15686,350.21500000000003
15688,326.0729166666667
15692,349.0
15698,126.24881355932204
15702,174.57162790697674
15706,168.53783783783783
15735,179.0
15739,497.77777777777777
15740,198.03202127659574
15757,202.01666666666668
15759,144.3340425531915
15760,79.78048780487805
15764,107.33333333333333
15776,968.1609947644031
15777,733.1503012048192
15780,202.89829545454543
15784,246.18039062499997
15785,535.0829075425804
15786,651.9605263157895
15788,1032.5164835164835
15793,343.3333333333333
15797,1021.3076923076923
15798,397.55081005586595
15805,397.44624277456654
15806,698.9920800000001
15807,1349.0
15811,202.6950904392765
15812,944.6747435897437
15821,104.0
15832,212.79542857142854
15833,148.35168997669004
15835,213.40756578947367
15836,148.7762305699482
15844,355.7098910081744
15849,249.0
15850,1085.5806451612902
15854,852.8618264840183
15855,4448.717142857143
15856,892.2534362934365
15857,1494.3980000000004
15858,437.9507058823529
15859,682.4831355932204
15866,1054.6403182579566
15868,3361.9208536585365
15870,6042.333333333333
15875,1549.0
15876,1549.0
15877,1549.0
15878,1549.0
15885,3761.1875
15889,2999.0
15892,1349.0
15897,741.8005714285714
15898,630.1922916666666
15899,621.0454166666667
15900,744.8924324324324
15922,1613.2259345794391
15924,1582.5820895522388
15925,11899.0
15926,11599.0
15936,2139.909090909091
15938,1286.906976744186
15948,1504.1666666666667
15971,249.0
15988,250.0
15989,498.7368421052632
15995,2401.2386363636365
15998,794.5
16000,2508.802
16002,1246.845590179405
16003,1430.7213970588239
16004,741.3225225225224
16005,499.0
16007,2799.0
16009,1069.0956218905474
16012,1367.3043037974683
16013,567.6115873015873
16016,567.2956818181818
16019,2302.227765957447
16020,396.7371445639187
16025,2974.2648148148146
16028,1264.3815573770491
16031,1289.716513761468
16032,493.1612068965516
16033,487.5632539682541
16034,489.37373239436624
16035,486.3354901960785
16036,491.6004205607477
16037,298.1726890756303
16038,297.62867647058823
16040,629.1319379844961
16041,705.4324324324324
16042,496.9346428571429
16043,1460.9045419847328
16045,2168.5797101449275
16046,498.98137499999996
16047,1999.0
16050,2512.4615384615386
16052,799.0
16053,841.8100000000001
16054,599.0
16055,533.7872130242827
16056,722.6727037037036
16057,615.9359708737865
16058,449.0
16059,469.80570850202423
16061,1639.1107638888889
16063,1681.3438202247191
16064,949.0
16067,299.0
16068,798.9685714285715
16069,703.2914248021109
16071,277.2338786373315
16073,599.0
16075,1182.636590909091
16076,929.0
16077,824.2947368421053
16079,1149.0
16083,436.4353080568721
16085,436.9222727272727
16086,438.8137614678899
16087,434.5464968152866
16089,434.95193236714977
16090,435.01220472440946
16091,295.5025663716814
16093,1299.0
16094,2449.0
16098,2449.0
16102,1549.0
16103,510.1111111111111
16105,1399.0
16106,573.999197080292
16108,275.85437853107345
16110,3549.97653409091
16111,1434.8629032258063
16112,1714.7733333333333
16113,1504.433661087866
16115,624.0002105263158
16116,625.54752
16117,622.5565217391305
16118,623.237392996109
16119,1595.6666666666667
16120,1288.4905660377358
16121,1488.925125
16122,777.6669736842106
16123,922.8095238095239
16125,554.5081081081081
16126,282.2171717171717
16128,1286.9038235294117
16129,1311.786956521739
16130,399.19179878048783
16135,277.1287611856829
16136,1141.3349452954049
16138,641.2325406504065
16140,798.912
16142,798.9632407407407
16143,753.9748375451264
16145,806.6671794871795
16146,1414.2333333333336
16147,567.7407876106196
16153,575.4311111111111
16154,693.2053782894736
16155,1513.2173846153846
16156,1080.1393628318583
16158,585.3736263736264
16159,687.7717794970987
16160,1628.408556231003
16163,299.0
16164,1315.6666666666667
16166,793.8387096774194
16167,708.3283636363636
16169,298.4558354324097
16170,1993.0320658135283
16173,1468.5238095238096
16174,801.9629629629629
16175,635.4047619047619
16177,2401.287471264368
16179,2003.152686567164
16180,1655.952067669173
16182,1447.8261787819254
16184,283.7539543662443
16186,353.9773333333333
16187,1277.4266666666667
16188,1256.975
16190,798.99
16191,495.0
16195,1048.726952662722
16196,2249.0
16197,1188.6291304347826
16200,1292.2272727272727
16205,317.09489397321425
16206,666.6220603015075
16207,841.1657421875001
16208,399.0
16209,317.279102393617
16210,334.63931567328916
16211,353.09761904761905
16212,599.0
16219,407.3675
16221,1033.344183006536
16225,2712.6222222222223
16226,1531.4361403508772
16227,424.9769889031156
16231,2024.0
16232,595.5246376811593
16233,1986.8085064935065
16234,396.93557993730406
16236,3756.5757575757575
16237,898.9752500000001
16239,688.7666666666667
16243,2498.8762500000003
16245,907.5471256038647
16246,852.8052631578947
16247,893.5650986842106
16248,650.0
16251,350.0
16260,896.5522727272728
16262,942.75
16264,934.3125
16267,1749.0
16272,100.0
16273,100.0
16275,100.0
16276,100.0
16278,100.0
16287,198.82432432432432
16311,1226.0273371104815
16313,1113.7360187353631
16315,987.4738056680163
16316,1028.390706260032
16334,217.1818181818182
16349,751.0909090909091
16350,788.3538461538461
16351,799.0
16353,247.7704918032787
16355,398.11538461538464
16361,954.359078014184
16362,305.1764705882353
16366,208.0
16371,315.0
16372,208.0
16374,208.0
16376,208.0
16377,208.0
16388,127.0
16395,261.0
16396,208.0
16398,208.0
16436,167.72951612903225
16450,283.5808872950814
16451,358.4437175043328
16459,308.54737569060774
16461,201.63558035714286
16469,249.0
16474,149.0
16494,167.2016393442623
16515,140.0266098484849
16534,144.57190635451505
16541,408.61670046082946
16543,258.9764423076923
16549,200.89742765273314
16556,307.27298578199054
16560,341.71276595744683
16567,133.26513157894732
16573,399.0
16582,919.289885931559
16585,602.4883720930233
16586,246.60000000000002
16595,209.13888888888889
16604,684.7142857142857
16613,249.0
16618,85.0
16629,494.55555555555554
16638,149.0
16639,319.6329896907217
16653,149.0
16655,249.0
16657,111.825
16676,388.1704721477506
16679,315.5991666666668
16680,376.2622641509434
16690,249.0
16691,249.0
16697,148.28675213675214
16699,748.3456896551725
16721,431.90875912408757
16730,413.67148230088503
16733,612.760191780822
16735,553.1995312500001
16737,703.7952868852459
16784,561.6551351351352
16785,599.0
16786,248.64929577464787
16787,2272.7935150042413
16788,2047.7840208333332
16790,2329.004579883515
16799,790.0
16803,790.0
16804,290.0
16805,290.0
16820,290.0
16822,276.0682634730539
16823,236.0
16825,3262.2424916691016
16826,4568.622986354778
16843,598.7607731958763
16844,597.4350434782608
16858,276.505
16866,146.0
16880,308.85915492957747
16885,267.5608695652174
16889,254.38000000000002
16898,1098.7887828162295
16910,249.0
16917,252.33333333333334
16922,381.04387152777775
16923,495.75753012048193
16937,346.5889269406393
16946,198.3178125
16953,133.99665271966526
16954,266.7130638297872
16957,1213.7222772277228
16958,685.5339682539683
16975,398.719014084507
16985,403.3756593977167
16986,159.89312169312169
16987,220.9298275862068
16988,398.61634615384617
16997,149.0
17010,590.7162204724409
17011,593.156862745098
17015,5889.909090909091
17017,204.6625
17022,6771.222222222223
17027,397.5908188585608
17031,392.42
17032,749.0
17042,146.03721590909092
17046,391.69713305898557
17047,970.6981132075472
17101,218.54437158469952
17104,363.6663577675977
17105,921.7017787742914
17107,779.1076865671641
17108,460.6759090909091
17112,250.45833333333334
17113,100.11111111111111
17124,149.0
17131,730.518
17152,742.5813953488372
17157,310.23354838709673
17162,397.3492063492063
17168,497.11333333333334
17184,147.77647058823527
17201,249.0
17204,317.12592592592597
17220,249.0
17224,200.26839826839827
17225,201.396484375
17229,364.21014492753625
17237,145.56255813953487
17242,169.7891891891892
17244,472.54925000000014
17261,420.07797927461144
17262,795.8720930232558
17270,455.57703225806443
17279,306.5975763358778
17290,374.18703703703704
17302,150.47941358024693
17306,87.17204301075269
17320,314.2211656441718
17321,393.47945205479454
17332,202.75
17335,398.8349173553719
17361,718.8093548387099
17364,143.35714285714286
17371,105.32884615384616
17374,366.499503968254
17375,599.724375
17376,555.7201851851852
17385,101.0
17387,447.7473913043478
17388,760.8016556291391
17390,100.66666666666667
17391,99.0
17392,117.62750000000001
17403,1448.4618705035973
17409,448.6851351351351
17416,132.23463687150837
17419,390.0115269461078
17420,514.778125
17440,249.0
17448,147.54716981132074
17449,123.0264705882353
17451,61.5
17452,147.29807692307693
17458,631.8118604651164
17459,435.2883333333257
17461,287.1025641025641
17468,708.2391304347826
17469,168.03428571428572
17479,148.3706896551724
17480,193.0703577512777
17481,823.9183851468048
17482,509.8217293233082
17531,293.56363636363636
17534,311.7933333333333
17544,457.2871428571429
17566,1080.8333333333333
17568,390.3539423076923
17581,395.4312992831559
17595,349.0
17597,299.0
17598,299.0
17610,302.4332061068702
17620,297.48661417322836
17625,297.8828828828829
17635,1709.0
17637,1932.3333333333333
17638,1799.0
17640,367.7368421052632
17641,244.63302752293578
17655,2990.9380985915495
17657,2399.0
17658,2199.0
17660,2990.6680487804883
17662,1960.3088802120662
17665,1549.0
17666,1549.0
17674,208.60981481481483
17702,199.5
17711,1199.0
17712,328.22222222222223
17714,850.0
17717,1095.2332578828468
17734,247.52293577981652
17747,292.34181818181816
17748,335.3966220238125
17750,3447.7913148788925
17755,1799.0
17756,356.8955974842767
17764,183.7078431372549
17772,989.8536585365854
17773,1559.2962962962222
17774,741.9484175084142
17775,396.6710021097025
17785,148.03855098389982
17811,134.67626628075257
17831,354.6287012987013
17840,322.1625
17847,249.0
17848,149.0
17869,435.21101449275227
17874,738.125
17882,149.75576923076923
17883,146.2962962962963
17887,397.86238532110093
17888,399.0
17889,1111.940873015873
17890,351.0482864450128
17897,474.7125
17898,786.9773446327695
17903,270.85854166666667
17921,203.89007662835252
17931,351.5
17936,264.94926829268303
17942,598.9933333333333
17945,199.0
17948,236.83177966101695
17957,1000.0178800000002
17963,594.7237804878049
17975,940.106779661017
17976,400.7857142857143
17978,149.42962962962963
17979,399.0
17981,395.8421052631579
17982,142.35664335664336
17987,110.64903846153847
17988,111.79069767441861
17989,97.84
17990,249.0
17996,1215.3265306122448
18011,299.0
18015,300.0
18016,499.40944881889766
18017,298.8404255319149
18022,496.2140127388535
18023,300.0
18025,293.42244444444447
18026,295.065
18027,296.9166666666667
18028,293.503125
18029,288.4307692307692
18030,297.80355987055015
18031,297.28172043010755
18032,297.71794871794873
18033,295.7723076923077
18034,294.56176470588235
18036,295.0261194029851
18038,293.0954545454546
18039,295.8926153846154
18041,296.39080459770116
18042,295.525625
18043,296.28607594936705
18044,292.09227272727276
18045,293.383431372549
18047,297.51621621621615
18048,297.28172043010755
18049,298.24242424242425
18059,248.1371727748691
18069,1739.3495180722894
18091,354.05206896551726
18099,302.509009009009
18100,302.80281690140845
18101,3755.33876
18102,3299.0
18104,2740.25
18105,3534.7604000000006
18106,3796.767272727273
18107,3690.4285714285716
18108,2598.9629850746273
18109,2586.2929268292687
18115,466.6
18125,249.0
18129,363.54545454545456
18131,590.2103448275861
18132,249.0
18140,547.561403508772
18146,688.1456
18147,150.42369304556354
18163,308.0238095238095
18181,438.08045977011494
18183,199.0
18184,299.0
18186,298.8518032786885
18187,298.56666666666666
18188,329.0
18192,301.22857142857146
18195,298.99528301886795
18200,309.2840174672489
18201,307.4473362445414
18205,305.875
18208,255.25
18209,304.45454545454544
18219,349.0
18253,299.0
18255,196.74589285714282
18257,195.81787234042554
18259,196.83671586715866
18274,197.80080645161289
18277,284.2352941176471
18278,305.9642857142857
18280,194.69468599033814
18303,239.0
18315,299.0
18320,204.15807560137458
18322,198.92218045112784
18325,201.62452898550725
18326,206.991452991453
18327,329.0
18333,302.1858407079646
18334,207.52551020408163
18338,305.247619047619
18339,300.8715909090909
18341,194.78821989528797
18342,194.06173469387755
18344,202.17401960784315
18355,349.0
18357,299.0
18360,199.0
18361,302.6408088235294
18363,305.46153846153845
18368,210.08141891891893
18370,207.65384615384616
18375,329.0
18378,191.53790931989926
18379,180.2365979381443
18380,177.58646616541353
18384,179.57535545023694
18393,311.22222222222223
18397,249.0
18411,200.13638132295722
18417,204.0
18425,303.77272727272725
18430,199.0
18434,148.9118343195266
18438,228.26812324929972
18439,203.13707865168539
18445,197.91463414634146
18454,190.68833718244804
18456,228.28925301204816
18457,349.0
18462,203.24544025157235
18464,202.64556650246305
18466,202.44209302325584
18467,196.93023255813952
18476,181.41690518783543
18479,227.32262996941895
18481,198.36779026217226
18482,349.0
18483,349.0
18484,198.22139737991264
18487,299.0
18490,299.0
18494,329.0
18497,226.92711111111115
18498,199.49222797927462
18499,210.34615384615384
18500,200.4788732394366
18501,307.8235294117647
18511,208.32022471910113
18514,329.0
18523,784.828947368421
18530,249.0
18543,209.82539682539684
18546,140.5668016194332
18570,396.68449367088607
18571,985.7648578811396
18572,687.5416149068323
18573,340.6666666666667
18579,511.9155
18587,645.2455882352941
18589,311.7130952380952
18595,1001.4409205020921
18617,202.47764900662253
18619,202.96156862745096
18620,202.67960199004975
18622,299.5812307657754
18623,889.704
18629,599.0
18641,423.72700000000003
18643,637.0582352941176
18646,298.36206896551727
18653,249.0
18654,249.0
18666,249.0
18669,197.67699619771864
18671,316.2851851851852
18672,320.3130681818182
18675,247.10520231213872
18677,198.42971698113212
18679,317.5295964125561
18680,196.50027173913045
18685,204.60596107055963
18686,203.32777777777778
18688,185.91993865030676
18690,181.46153846153845
18696,315.96988847583646
18698,179.92307692307693
18699,182.62229166666668
18701,198.44799999999998
18704,203.61365030674847
18707,149.0
18708,209.65666666666667
18710,200.76666666666665
18714,149.0
18715,204.2941176470588
18719,105.71641791044776
18724,98.11111111111111
18729,58.0
18734,282.3333333333333
18739,325.82
18741,831.6926829268293
18743,349.0
18746,148.1978021978022
18759,249.0
18764,249.0
18777,318.86206896551727
18778,322.719298245614
18779,314.6438596491228
18793,77.75
18795,689.4545454545455
18825,290.9371219433725
18831,161.84536082474227
18835,186.82576923076923
18841,399.0
18843,132.3156342182891
18849,235.5385214007782
18882,139.13209219858157
18883,249.62
18884,249.7387870239774
18887,112.33333333333333
18910,464.0444244604316
18911,697.109204737731
18916,199.0
18924,167.97402597402598
18926,198.82890625
18939,149.0
18944,249.0
18945,149.0
18968,141.10526315789474
18975,149.0
18980,102.65283018867925
19001,247.70398734177212
19015,249.0
19023,318.22935779816515
19024,594.9272727272727
19033,98.61766055045871
19034,951.1553012048191
19036,1334.7142857142858
19037,347.3685185185185
19039,1789.909090909091
19040,302.98387096774195
19041,258.3703703703704
19043,202.67305743243242
19044,1313.2857142857142
19045,254.31034482758622
19046,301.75634765625
19049,2299.0
19050,556.0750511247444
19051,599.0885638297872
19053,100.8103448275862
19058,160.0363247863248
19072,280.0238095238095
19075,249.0
19080,125.21805555555555
19087,145.55172413793105
19088,213.89655172413794
19092,711.4932769726256
19093,518.3532258064516
19094,648.7948795180723
19098,193.8575471698113
19110,149.0
19116,396.6504447022436
19117,1346.9069572649744
19118,702.3871647509607
19119,271.5827659574469
19125,398.08914634146345
19126,376.0348404255319
19127,459.1574324324325
19132,288.7817391304348
19144,396.96029411764704
19162,729.58330078125
19163,168.05225225225226
19176,422.96047486033524
19183,332.6684210526316
19204,399.0
19205,749.0
19220,248.38464150943395
19240,858.99
19244,224.340625
19253,285.09687499999967
19258,302.57301587301583
19282,175.2987012987013
19286,302.88235294117646
19288,500.0
19289,998.9681481481483
19290,997.4310769230768
19291,997.6607284768211
19295,995.0130851063831
19305,999.0
19308,999.0
19309,999.0
19310,500.0
19313,302.2903225806452
19317,300.2244897959184
19325,136.0
19331,349.3786982248521
19334,347.9130434782609
19337,349.6174863387978
19338,347.7651515151515
19339,348.73256704980844
19341,499.0
19343,399.0
19344,400.0
19345,399.57142857142856
19346,399.2122950819672
19347,400.0
19354,990.0
19399,208.0
19405,518.7667767702941
19406,535.1868659420326
19415,613.6342233475476
19422,331.089552238806
19423,349.0
19425,600.0
19426,900.0
19427,600.0
19430,1093.1278345864662
19431,2898.9826923076926
19436,782.1851931242965
19438,2414.2236996336924
19439,3331.086170271204
19440,2396.2779591836734
19441,2349.134252873563
19442,249.0
19443,899.0
19454,1466.1343421052632
19455,1533.8011363636363
19460,297.4795918367347
19463,247.3372093023256
19464,246.99027149321267
19478,2999.0
19479,2999.0
19487,3364.4545454545455
19490,2249.0
19503,938.975
19507,2495.781683168317
19511,299.0
19539,201.43145161290323
19552,169.0
19559,286.96
19576,351.8524590163934
19578,369.7741992882562
19580,805.2647058823529
19581,435.63807339449545
19588,313.41878306878306
19590,1299.0
19597,138.48258382643002
19602,138.2117391304348
19611,333.1698561151079
19613,227.75
19618,435.10596491228057
19621,104.00952380952381
19634,452.22883435582816
19636,1964.3009708737864
19642,249.0
19644,548.9880952380952
19648,98.58749999999999
19650,437.5205011933178
19655,297.68197278909525
19656,1047.7211538461538
19657,739.039393939409
19658,399.0
19659,396.93573141486814
19671,367.53932584269666
19672,472.9679423076925
19674,1042.9292168674694
19688,755.9313326719583
19690,1755.1632183908048
19691,1290.4448979591837
19692,153.740625
19697,1549.0
19742,197.67567567567568
19744,149.0
19751,131.89391534391532
19752,308.08390854903854
19754,713.905625
19765,249.0
19771,333.69343855693353
19772,390.7465122873335
19774,970.9969565217391
19778,365.8289383561644
19789,245.9104330708661
19794,243.50431372549022
19795,657.9346635367746
19796,795.7152428810552
19797,558.6388707926156
19799,343.299343832021
19813,542.4658333333333
19814,152.1011352657005
19817,448.34374753451675
19825,347.2758620689655
19835,249.0
19839,120.42857142857143
19847,196.75757575757575
19852,2177.5714285714284
19857,119.36734693877551
19858,215.08315217391305
19874,1179.5
19884,211.7710843373494
19885,297.84257246376814
19888,481.34480519480513
19889,148.01351351351352
19893,406.83615771812083
19894,513.9721223021583
19898,148.79305555555555
19900,294.74702519058695
19902,562.4775833333335
19908,206.22222222222223
19913,398.50124999999997
19927,300.2016
19948,250.0
19951,999.0
19957,348.1360576923077
19967,3190.3478260869565
19968,3199.0
19969,3199.0
19970,3198.9587500000002
19976,3199.0
19979,3199.0
19981,505.40495867768595
19985,447.0958312447795
19996,199.0
19997,99.0
19998,99.0
19999,99.0
20009,299.0
20012,181.0
20016,584.483870967742
20017,513.5360772357719
20019,303.02061855670104
20025,469.0
20041,397.0008064516129
20046,699.0
20048,395.59090909090907
20070,359.26428571428573
20072,459.8888888888889
20091,148.43466257668712
20092,202.61990950226243
20093,377.1219512195122
20099,99.0
20104,258.2838775510204
20111,323.0138376383764
20125,495.0512946428571
20126,157.125
20183,280.0
20184,397.1296875
20185,237.32692307692307
20187,385.30882352941177
20189,420.0
20192,349.0
20195,720.0
20197,449.0
20202,291.72727272727275
20204,219.36215384615383
20206,249.0
20212,267.3757777777778
20214,649.0
20217,157.64589371980676
20218,146.24848484848485
20219,158.85148514851485
20224,688.1756756756756
20225,472.5324615384615
20231,132.57251392203662
20243,266.05725352112677
20259,148.96566820276496
20264,169.0
20265,168.13186813186815
20266,169.0
20271,169.0
20274,206.34824561403505
20285,448.02877840909093
20286,781.1084808259602
20303,396.5086312849162
20304,687.4527061855619
20305,449.0
20316,296.14285714285717
20327,354.88235294117646
20334,1949.0
20335,1039.2764634146342
20337,852.2287401574804
20338,1524.6311625344297
20339,1244.2666666666667
20343,1549.0
20344,1549.0
20346,862.6604761904763
20347,1600.8255462184875
20348,1549.0
20349,1549.0
20350,1079.5660805860807
20352,1549.0
20354,1021.2018146718148
20355,1003.9054166666667
20360,2841.8571428571427
20361,2718.963216374269
20367,1520.384013157895
20374,1265.691923076923
20377,1448.539561752988
20385,1999.391803278689
20386,2754.784781420738
20393,2083.6610169491523
20394,1966.5570270270275
20395,2089.35329787234
20396,1978.3206896551726
20404,2293.2019060672524
20405,2235.295634146343
20407,1916.4166666666667
20408,1743.2857142857142
20411,1757.8235294117646
20413,1813.2857142857142
20416,2575.923076923077
20433,3239.0
20434,1691.695396825397
20448,385.29424703891715
20454,1566.3024390243902
20455,1665.4882352941177
20456,1402.5928571428572
20462,1632.3580698005983
20463,1985.9473366834172
20464,1369.0214285714285
20475,2190.1405357142858
20487,2398.8762500000003
20488,2399.0
20512,814.1612903225806
20516,1386.8688524590164
20517,1323.4404761904761
20518,1317.8785714285714
20529,1070.8181818181818
20533,1567.475
20536,1893.065625
20537,1441.857142857143
20540,1491.1105263157895
20559,132.33333333333334
20565,1498.91
20567,798.9505
20568,789.0658695652173
20569,785.5445652173913
20570,798.9472000000001
20571,799.0
20581,998.9619230769231
20586,999.0
20588,1349.0
20593,1532.3333333333333
20602,1549.0
20604,1795.2866206896551
20605,2167.156640625
20606,895.0952506775067
20607,894.7557720588237
20608,1530.0396116267698
20609,887.1785558912387
20610,899.1213951841361
20611,2240.4210969387755
20612,1098.6086486486486
20613,1094.6605916717058
20614,1095.3974502487501
20615,2144.0367537313437
20616,2098.363089887641
20617,1978.6795256916996
20618,1549.0
20619,1347.6666666666667
20622,1543.0423076923075
20623,641.1207692307692
20624,643.0004347826087
20625,643.3469333333333
20626,648.945
20627,643.7928301886793
20628,2378.6814492753624
20629,2376.415347490348
20630,2361.8092473118286
20631,658.6725906735751
20643,3063.9700000000003
20644,2303.9069902912624
20649,1318.2186338797815
20650,1325.2327319587628
20653,1591.6305479452055
20656,845.0679377431907
20660,1251.7671428571427
20669,1230.2941176470588
20678,3999.0
20694,1174.7777777777778
20717,3144.5564
20718,4571.718181818182
20725,2199.0
20726,1099.0
20727,1035.2333333333333
20728,949.0
20729,949.0
20730,412.91568396226415
20731,406.61749999999995
20732,375.0945398773006
20734,414.48645833333336
20735,397.218125
20736,441.9424107142857
20739,434.2093953488372
20741,439.0
20743,483.5833333333333
20744,499.0
20746,498.87625
20747,499.0
20748,699.0
20749,699.0
20751,699.0
20752,699.0
20764,1264.9007462686568
20800,1498.9911764705882
20801,7149.0
20803,1159.7142857142858
20812,683.6791666666667
20821,1399.0
20827,1399.0
20829,1764.2657142857145
20830,1773.1935483870968
20831,1912.2694623655914
20832,1923.7108695652173
20833,1499.0
20834,1799.0
20844,1399.0
20862,1699.0
20866,775.2310470409711
20881,695.8616306954436
20882,898.5898214285714
20883,898.9837623762377
20884,2107.684715821797
20903,863.56875
20909,844.68625
20912,857.3473333333333
20916,1666.803571428571
20918,1669.2052631578947
20919,1667.4
20921,1653.4952380952382
20928,1198.275
20949,4.962374877568222
20951,989.3468888888888
20952,974.001923076923
20953,987.4425
20954,979.8510638297872
20956,55.60606060606061
20958,379.61939393939394
21001,1899.0
21007,1899.0
21010,1899.0
21021,1709.05
21022,1714.64
21069,1218.4285714285713
21080,1276.5454545454545
21086,1298.98125
21097,1419.0
21098,1539.0
21103,1799.0
21104,1799.0
21105,1799.0
21107,1899.0
21109,1799.0
21110,1773.2857142857142
21111,1799.0
21112,1799.0
21113,1299.0
21114,1250.0
21117,1479.909090909091
21118,1531.22
21119,1502.4
21120,1435.3636363636363
21136,1799.0
21137,1799.0
21139,1798.8020000000001
21195,1899.0
21210,1299.0
21213,1299.0
21243,1299.0
21254,1299.0
21257,1299.0
21270,1299.0
21283,1237.095238095238
21284,1249.0
21342,1310.0
21355,632.9351401869158
21357,290.12684210526317
21358,635.9546039886042
21361,1942.5455610561387
21362,1084.1045751633987
21363,3111.507843137255
21364,452.71339363421674
21365,974.7019675925902
21366,1547.2172039544682
21367,717.5753125
21369,166.97513157894738
21374,1543.6153846153845
21377,149.30624595469257
21386,155.6657004830918
21388,1319.5804511278197
21400,171.60331125827813
21404,255.5754601422678
21407,201.72072368421053
21408,200.1287037037037
21425,1356.0217857142857
21427,130.85206344529556
21440,261.4740855307648
21441,765.9042857142856
21442,471.15260115606935
21443,650.1707124010552
21445,128.41752136752137
21447,292.9268518518519
21449,449.0
21450,772.04
21458,164.53529411764706
21460,156.364
21485,328.61228956228956
21486,210.0
21488,892.4109392057227
21519,107.62391304347827
21528,98.13253968253969
21530,694.5261627906976
21536,208.52439024390245
21548,398.3765625
21562,202.26267123287673
21591,399.0
21592,1433.2203389830509
21597,201.63599137931035
21604,249.0
21611,205.3675
21612,207.875
21619,434.76465949820835
21622,1444.477894736842
21623,1085.9111510791367
21624,733.9059581320485
21625,1441.0
21656,421.22146226415094
21664,774.0
21669,240.98476661951915
21670,398.3519637462236
21671,396.995
21673,704.5783664458941
21674,540.2800114942518
21676,157.08842105263156
21678,255.21095505617978
21681,211.42632575757577
21682,227.08092783505154
21683,147.77970588235294
21684,159.76047297297296
21692,248.28571428571428
21706,140.78571428571428
21714,399.0
21722,1799.0
21732,132.3325396825397
21733,121.26262626262626
21759,283.12137820512817
21760,335.25362903225806
21761,934.4138983050848
21762,1447.759197399145
21765,249.0
21787,247.4099447513812
21790,1664.2173913043478
21791,1499.0
21792,881.2456140350877
21793,882.6564516129032
21794,824.1186440677966
21795,869.6727272727272
21803,163.69565217391303
21811,353.31359999999995
21812,242.61702127659575
21825,386.09941176470596
21826,448.8720588235294
21827,2388.3617021276596
21830,1193.6384615384616
21835,1047.5246376811594
21842,193.21938775510205
21843,1160.5357142857142
21844,1476.6632653061224
21848,249.0
21864,353.7514395393474
21881,298.9480902777778
21902,137.53916666666666
21906,163.389375
21914,222.46298578199054
21928,206.35294117647058
21929,203.0765306122449
21937,1549.0
21942,1549.0
21948,1699.0
21955,1487.595
21956,1484.1835365853658
21957,1699.0
21961,563.2289130434782
21962,1249.0
21967,458.9459722222223
21968,740.0784807256235
21973,1799.0
21976,1416.8321585903084
21978,150.0
21980,249.0
21995,299.0
22001,167.08955223880596
22002,169.0
22003,169.0
22004,169.0
22005,169.0
22006,169.0
22007,149.0
22008,149.0
22013,228.46216216216217
22015,391.24105932203435
22017,149.0
22050,318.82608695652175
22054,2199.0
22059,915.5491249999995
22060,580.4132055378085
22068,285.75
22069,146.31578947368422
22071,313.9668067226891
22087,90.92136507936505
22088,93.96449940405245
22091,133.4968791500664
22092,126.3884007707129
22100,627.4183333333333
22101,1343.0118224299067
22102,1244.76096071429
22104,247.8707224334601
22105,317.9655172413793
22106,476.87610619469024
22111,360.8489436619719
22118,98.42264150943396
22139,759.4431481481485
22145,528.0725446428571
22154,678.1666666666666
22162,384.5215746421268
22163,165.73514285714285
22164,713.92324099723
22166,150.0
22167,297.76419558359623
